vehicle_count,avg_speed_kmh,occupancy,avg_wait_time_sec,cluster,traffic_pattern
31.096981487115954,49.28008741567727,0.2337703038112906,9.881129432782428,2,Free Flow
22.97627332084619,47.83801271225725,0.20575281814252785,7.367514815312836,2,Free Flow
29.93951583298456,50.30825839834531,0.2395729088688273,9.555583870857896,2,Free Flow
30.237710511220378,61.19982663832418,0.22103792040134207,6.281415074233523,2,Free Flow
31.327502822696996,49.72614569544051,0.23953026355882728,7.900148178027494,2,Free Flow
29.33449549123706,51.25488750577832,0.25501436024033136,7.690941035862395,2,Free Flow
28.458019840212813,53.06326547231474,0.2239539133499007,8.730888128728157,2,Free Flow
31.48583740174556,57.36951551654335,0.2963741420391708,7.187169967230769,2,Free Flow
28.155926175342465,50.524249994636676,0.2277190740158973,10.257944585441784,2,Free Flow
29.58978915244245,50.37913937670609,0.16289834529389424,9.301185575649402,2,Free Flow
32.67571501633239,57.98734847567857,0.17005206317200877,8.46432264613344,2,Free Flow
30.420068912906622,56.202787282009574,0.23921429500766855,8.447191097549364,2,Free Flow
32.44408882705882,55.3716848821889,0.2130103729410493,9.26257645167708,2,Free Flow
24.7542390485196,53.24180831003484,0.1788332305568242,6.722244303513316,2,Free Flow
29.009487895583938,63.22217721178917,0.16103759979380405,9.936556709182963,2,Free Flow
23.941668822183104,53.158132335078236,0.20732388792972525,9.172444662718556,2,Free Flow
32.56041568725428,59.36340979359959,0.1843073717488203,7.0752964146708655,2,Free Flow
33.08871317252575,53.94782621315112,0.14259411544979353,5.733425571993038,2,Free Flow
26.689971770394198,57.7343840922957,0.20640915812317545,9.380970708135536,2,Free Flow
28.461890473188475,55.87196830092193,0.22815156772853015,7.381306920559523,2,Free Flow
31.64439085520668,51.359407324133414,0.18366257690457177,7.236524212003342,2,Free Flow
25.69497727587946,57.6783486443207,0.17887689469087745,8.024988237455375,2,Free Flow
31.730687972061272,57.45592146816469,0.2299423299037754,7.803029030981153,2,Free Flow
28.476126076641048,54.561549840014806,0.12406995047188867,5.105775055153826,2,Free Flow
25.23828139552415,49.51514244819185,0.21798984020255466,6.189041889279879,2,Free Flow
28.638614805458197,62.145755637823356,0.18396812130223583,9.475031136934174,2,Free Flow
26.638976351964445,53.87009343172804,0.15724900752902385,7.321933848198875,2,Free Flow
33.02510929484662,45.49973767244208,0.21954906395956358,8.475471204664556,2,Free Flow
27.86106015949154,47.046681800863496,0.20324582784712414,6.941014581872395,2,Free Flow
30.837634360876933,55.12018680037894,0.2720800501094412,7.521288745053951,2,Free Flow
26.315409026561287,55.98601599225974,0.20989985077872944,10.718375150480874,2,Free Flow
33.00640048529248,56.9627908253223,0.2658486301048803,5.622473891354298,2,Free Flow
27.69689448210091,49.903832322269615,0.18245855885799045,5.246627704887382,2,Free Flow
32.286543408531855,53.77777516595675,0.1338137167473804,5.968841837584916,2,Free Flow
31.128649850820704,59.6096961234191,0.2898528901261304,13.82772493201466,2,Free Flow
31.491873959793587,49.55754033982475,0.10405791736709111,8.535422924687671,2,Free Flow
27.073412056882827,52.71553506901173,0.17245564404230865,7.71841822716723,2,Free Flow
33.83752883083552,55.8637671209494,0.19286143233325903,5.928692494348377,2,Free Flow
23.971141399064315,52.32530650009668,0.1975797852131756,11.535859827159765,2,Free Flow
30.46898827730239,60.40506731062682,0.17753169806573818,5.630112467165951,2,Free Flow
26.525579655963462,51.01125664505336,0.2957811379595824,6.357226641551228,2,Free Flow
33.018561133450845,50.03390052052136,0.241920785579341,8.769901932211726,2,Free Flow
29.436103568430873,54.77580610625511,0.17053455370567744,8.892144402964162,2,Free Flow
28.362059470773193,48.259168299280134,0.14249280915561713,8.34517583544424,2,Free Flow
35.68472852307757,55.87995387465391,0.19466127532505528,8.571652279205086,2,Free Flow
34.701606270144566,56.20660375750121,0.18150827461248184,10.212577420119779,2,Free Flow
31.543523178461808,63.446657955977955,0.2082455496749858,5.551061936559,2,Free Flow
25.074626882715606,64.08010362727187,0.2775649574352484,7.640961573434799,2,Free Flow
28.620525643910444,63.03794360733211,0.15018294430804305,6.210545962088347,2,Free Flow
32.31597646088056,52.82967182427226,0.1997695159975968,7.673114202950975,2,Free Flow
31.21526837567616,62.74115023722544,0.20407632081057855,9.287877586553716,2,Free Flow
22.61938043628832,54.73204878938435,0.1620546378368208,5.562373879152744,2,Free Flow
26.838651479056498,53.16232107614553,0.2412156144060206,5.347214564520872,2,Free Flow
30.110273373339904,52.33706811666532,0.18525471075371178,10.005515650609208,2,Free Flow
31.937215573214132,62.35568959093509,0.19304724443375448,6.608114776658594,2,Free Flow
29.1941082592302,56.33373235199172,0.207945801130417,5.831223855533267,2,Free Flow
30.32576321386035,56.25525581576398,0.3132863316890264,11.75368922256334,2,Free Flow
26.92832393798825,53.41939151147953,0.13414510991733486,6.818585972073027,2,Free Flow
31.136178012925225,61.63219491488528,0.16719122730153763,6.691707119864407,2,Free Flow
22.269759492940842,54.10533743700301,0.15219135146631968,6.941121145267853,2,Free Flow
26.843301198596684,54.481555951610936,0.12090222238895161,5.065909509218018,2,Free Flow
37.66528960330187,47.91917580299283,0.15064464896954122,11.673827056642628,2,Free Flow
40.458241809265466,48.55638354146062,0.18342879694453865,8.68311110188102,2,Free Flow
36.22331151986013,49.572286068644694,0.18896249693260508,9.554675152123489,2,Free Flow
31.565157868079826,52.931141608234455,0.19397796659677816,5.250208383260036,2,Free Flow
29.142574521691206,53.53486880495075,0.21044764503318153,6.889345562361968,2,Free Flow
31.6975386811625,60.569936998009055,0.20699431974508098,8.703512816798407,2,Free Flow
30.19135925128032,55.00046416200278,0.16752988849057188,8.632988523346617,2,Free Flow
29.64976824571144,66.51242569911827,0.2708009706113859,8.771693105113002,2,Free Flow
27.252994045098838,48.8817369040912,0.25360143288899895,8.525498450294277,2,Free Flow
31.7285162522098,45.40477707164194,0.24173473167011814,8.908840676428726,2,Free Flow
26.00244953610788,52.40661355902528,0.2118672741960434,8.104933596712486,2,Free Flow
28.948183731107203,54.43081452563722,0.18866101798069018,8.305125024204937,2,Free Flow
35.297371102775365,40.88337857487787,0.18934173809706423,8.353024842744894,2,Free Flow
31.06557836287356,52.95446980273291,0.1209475197884638,8.655990967428218,2,Free Flow
36.218460770991065,46.56376227296124,0.23887226061641847,7.342949553754212,2,Free Flow
29.77923235501615,49.20905819112828,0.18494947224398556,10.600089189397917,2,Free Flow
32.09755887115575,64.52771382975469,0.25298353500399623,8.878173357859152,2,Free Flow
36.27816429420405,57.414462373060644,0.23725946795586766,7.406858092930583,2,Free Flow
30.23956493709314,51.164168971848476,0.2445312770567684,5.643392753770269,2,Free Flow
32.81646123270358,53.951419183721626,0.25270611920602937,9.50173797746252,2,Free Flow
36.55432616752849,59.01926080126255,0.12925818849560416,7.866093654203598,2,Free Flow
25.78077410665866,52.14946086698549,0.26800527949745245,9.275067621795392,2,Free Flow
27.483850457116514,49.424554484577804,0.20147519417943174,5.5668797012377444,2,Free Flow
27.58389500137231,56.71605209353184,0.25198904162480135,9.217522944448879,2,Free Flow
21.75135776904684,56.67401700966643,0.203241510795466,8.827780570745386,2,Free Flow
35.81835485394434,43.65218947757391,0.17340034586640027,9.18181264558671,2,Free Flow
24.30626016196581,63.1177197642943,0.21657604757152965,9.693167971686808,2,Free Flow
27.94460281852154,59.47570029481416,0.24808122001950672,8.465756040274337,2,Free Flow
30.843843213715306,56.48688781604949,0.16114946308672784,7.704942639519294,2,Free Flow
29.450918883171507,57.10866625394422,0.24499209111096326,5.882927836043182,2,Free Flow
29.54996749084952,63.14800551212436,0.16653852970343463,6.35549996541936,2,Free Flow
30.728302290592296,59.64411854766926,0.20051417250022968,10.657921180873979,2,Free Flow
33.0844583372395,59.63001036789534,0.22493524255958422,12.65530620069217,2,Free Flow
29.26141792008224,43.98062739363417,0.27219144626827135,7.084601138086349,2,Free Flow
30.38836959963492,62.2025287667329,0.12789832065234838,5.496705571787722,2,Free Flow
24.235399426372126,50.632250404860166,0.21978364727076471,9.048375685625542,2,Free Flow
30.994587045582794,47.229787638591986,0.09604534535153103,8.108707170780765,2,Free Flow
28.301606278901993,57.526621744441364,0.23158791317995717,8.276482864117364,2,Free Flow
32.73647910735308,56.26066255763288,0.223852911752066,6.590653474260235,2,Free Flow
29.35339891020675,56.082268531613266,0.23692378139378384,7.2125176555508554,2,Free Flow
31.876202120635604,53.53788664446542,0.19471060247023414,9.659038084048145,2,Free Flow
22.824982664205038,47.86940219558881,0.13330165711507308,3.3327677603033905,2,Free Flow
27.558248015441364,59.12188644850257,0.18718021701278414,8.395580163883704,2,Free Flow
33.921182988158854,62.302273727472304,0.19688879293732373,10.707171779138795,2,Free Flow
30.331655970362792,50.39430976894896,0.17325198415105691,5.038926974869968,2,Free Flow
26.80271812655885,53.03090821559064,0.2361613258720371,11.441539662331968,2,Free Flow
25.024146544642655,57.16055107542955,0.15317552273791096,8.949394176926404,2,Free Flow
29.528088057524183,44.93001795783859,0.2417733646205818,6.789998574382538,2,Free Flow
28.077959141855203,49.11636173790671,0.17055725254906,8.855780881389835,2,Free Flow
29.318720372628942,56.807641012553646,0.216286483426798,10.641323311056334,2,Free Flow
28.765969856888233,46.87728200734848,0.24802500874573924,7.33702365580549,2,Free Flow
34.01253280047855,57.10857412250359,0.19409881114084948,8.697551788092591,2,Free Flow
37.023645216454675,66.42339290979564,0.20312215108097506,8.320381186634151,2,Free Flow
33.874464566878984,50.348864319779594,0.21498816676782148,7.948274304092287,2,Free Flow
31.130069561247193,50.416471567278265,0.1284694628010964,3.8540331280174165,2,Free Flow
25.97741719323741,52.47728593283367,0.18680637860080573,11.874462324859033,2,Free Flow
33.98157613166627,49.708498860121054,0.21564688036029306,7.18584352729935,2,Free Flow
28.976290183055657,56.0192910717846,0.22786270026389271,7.321483032231969,2,Free Flow
33.82986551784369,48.719339756216776,0.2002852578063021,13.195347453191665,2,Free Flow
30.80308707345099,62.88267978633395,0.20411840801779438,9.161554190659594,2,Free Flow
29.79558050018631,54.06275830359687,0.16492329214735613,8.860602717915107,2,Free Flow
26.934466118931237,58.66071879972386,0.24883791520006596,8.73306281447446,2,Free Flow
28.96950455919951,57.496810686197826,0.18610971250041144,9.871094250930298,2,Free Flow
23.406938096825556,53.15415947534745,0.11041346021942011,5.00987833954559,2,Free Flow
34.90990402733007,59.923517400844275,0.16762338950218444,4.994993087918206,2,Free Flow
19.32769618377006,52.01077470637051,0.3089186755511331,8.869768542927295,2,Free Flow
27.985539770221838,57.557941152251686,0.12975687411525008,7.405353274604729,2,Free Flow
30.35811890285666,54.526446414984235,0.23558627547605365,8.689290452472104,2,Free Flow
32.40597366518879,51.213952447730826,0.24040169337847467,11.257873895247982,2,Free Flow
26.507461729254914,50.11767389356992,0.2601102951344105,7.61731202660988,2,Free Flow
35.05375701143961,52.566053584592986,0.265477050932182,8.262971633610904,2,Free Flow
30.929623763961704,63.60594911918447,0.1837203285150123,6.117755808150084,2,Free Flow
28.385168851097923,57.48783672853726,0.12954084175187686,9.274941805302243,2,Free Flow
28.060423256576126,61.3129696340346,0.0922582862794788,6.426868449791662,2,Free Flow
23.928714655557233,50.45573793499826,0.21114496554990245,7.64154674910049,2,Free Flow
29.087840751787148,54.12448320740967,0.20915247082789745,5.982927916113784,2,Free Flow
32.544658707236586,58.64466283712016,0.21732670719452457,9.113066885502526,2,Free Flow
31.067104802911174,66.19290316502087,0.19608076230263707,7.385833563330847,2,Free Flow
27.28730071071344,49.3225553118219,0.14399876955795163,6.222405373538163,2,Free Flow
29.745550626052545,56.83862320673743,0.20230139263484728,6.468929445140574,2,Free Flow
33.24066443047187,59.06676969765521,0.19281582616600926,6.694167710670576,2,Free Flow
31.97434051498728,56.03385473117358,0.13483427332632286,7.864039488031191,2,Free Flow
30.94332892346777,50.05167867431735,0.20854295267768494,5.090355029484422,2,Free Flow
34.81026996004381,61.86372491782687,0.1886367199563666,8.726908675678146,2,Free Flow
21.32428092312045,48.64008786854067,0.18677994859315417,5.855733957146281,2,Free Flow
32.571827337470374,65.98513091911397,0.14705233762568143,6.325073191829615,2,Free Flow
30.847614125915747,63.86113881674791,0.1449931559357044,8.498072244613883,2,Free Flow
36.55667586292719,45.91532468501403,0.14235188569193757,7.152786787078323,2,Free Flow
28.12588171372052,59.469307082645045,0.2108746873919377,4.450075880715744,2,Free Flow
31.85547745044292,51.823536119543924,0.25735012476235575,6.74482492712616,2,Free Flow
27.708184980831952,57.97622385942492,0.23433169170516216,8.896198727872408,2,Free Flow
23.93184965741469,57.95918941960538,0.15345613767465205,8.470552223176528,2,Free Flow
24.874556032563383,57.45477181148685,0.16370304930616825,5.434730699478957,2,Free Flow
32.56975249133664,56.32904486922213,0.17237104393731964,10.902357698042128,2,Free Flow
28.413651282348926,55.17659220684014,0.21210110514553704,6.760668131742773,2,Free Flow
31.696090656239747,52.066012090594015,0.1814762755002706,10.725285279606682,2,Free Flow
26.25389021095524,41.72970817988781,0.2724921647755353,13.098655905214006,2,Free Flow
28.541030644382406,44.34739077658898,0.18602822107118255,7.427554100318662,2,Free Flow
29.316274172319876,48.87636576942983,0.2260802514114415,9.049014750572173,2,Free Flow
24.620139768650496,58.845582024321885,0.2923708241875651,8.343920664874119,2,Free Flow
28.785629416553377,54.218982320758634,0.22768655451358527,4.538656788985564,2,Free Flow
30.591806530718287,52.852448277954544,0.28315212558302205,7.651654532390085,2,Free Flow
36.00439540003027,48.92942616219896,0.22642666250612567,8.638800527582458,2,Free Flow
26.87142990768678,55.975678630503175,0.25456334765742206,7.352416591426799,2,Free Flow
23.908934462988853,54.90340445437405,0.15939096073433695,7.3153181226722355,2,Free Flow
29.706284029133563,45.618912811914655,0.1272953747305695,8.96413367105105,2,Free Flow
28.11821269378915,40.89390611998688,0.2353179816473661,8.54473951054848,2,Free Flow
27.430050633468657,47.75743383917967,0.23761135533414518,8.698701245120859,2,Free Flow
38.577368217662666,57.31103729298716,0.21744664135679068,7.66614413978287,2,Free Flow
32.940393121922845,58.43796860686484,0.2563276253854338,6.95735416272543,2,Free Flow
28.432533097401738,52.36493255998411,0.23558607745305452,10.996748880593465,2,Free Flow
28.348174224662518,52.663744497138,0.214133475074141,7.508476999974198,2,Free Flow
33.427393151303605,42.61522490159524,0.16279827288873977,6.435167332077109,2,Free Flow
21.64671835540988,49.69998855597158,0.15881797478693332,7.59779069096234,2,Free Flow
34.00667720997695,53.65216641845114,0.1536133825877981,7.886090917572942,2,Free Flow
33.77702503718886,49.632226511368025,0.15902413022353484,9.117097918548447,2,Free Flow
29.202469983369117,58.56116579890211,0.19938589436921167,9.403327296179134,2,Free Flow
26.273718789453692,54.93353442066453,0.19051894935365796,5.568218151791738,2,Free Flow
24.37147938767272,58.77161969401064,0.184207142800191,5.9554394367053405,2,Free Flow
29.653755827076004,61.20410371542116,0.09736679695826349,5.006722620193347,2,Free Flow
26.677608809177038,63.03648376696181,0.21271641423136836,9.534634480922454,2,Free Flow
25.89542069114557,48.842552686012105,0.22015161725252197,8.116548661870894,2,Free Flow
31.975459747910854,53.967809549893516,0.21251646769045823,8.316238169810218,2,Free Flow
32.79996260070573,59.438545550694585,0.12710576025237036,3.505462889318289,2,Free Flow
33.60628343154543,61.532488012940654,0.15407196412189983,4.280329186908743,2,Free Flow
30.356525355625923,60.11961024492791,0.28089175350954415,9.032595144202903,2,Free Flow
28.661819892291497,50.08778158128325,0.20051530812517945,7.401470592229487,2,Free Flow
26.345755539376263,66.26815607974808,0.2803325780932459,10.272097367110856,2,Free Flow
26.68493856788714,59.702606283635035,0.22878318842740558,8.885091248408106,2,Free Flow
34.498794961357596,58.49454128573703,0.2333006406336951,9.27381256674442,2,Free Flow
31.22684906880758,45.19013878657199,0.2037629484834751,6.88761608230175,2,Free Flow
25.392572552495928,64.24999140615454,0.27780479033985667,10.718441200591224,2,Free Flow
30.918768300681148,62.42843816523961,0.20054239312708216,8.40559455379556,2,Free Flow
26.06350306633686,57.18345217474362,0.20271736677909877,5.394695766331071,2,Free Flow
29.81569039746025,54.561487398787555,0.2808902524990088,9.788426657026818,2,Free Flow
30.041203580729277,56.368330203905955,0.20198955701468893,7.594172030408904,2,Free Flow
26.10326208940217,54.16921467316189,0.1664255784506369,5.499368922153707,2,Free Flow
31.840398532371125,57.151955629632795,0.11959816198843651,7.754630725009745,2,Free Flow
33.584524989239725,60.82573056392977,0.24616265792983574,8.077826413802919,2,Free Flow
26.957836819311055,49.03965644953067,0.2155072207137661,8.758560068730326,2,Free Flow
34.63439200177824,61.04988807688146,0.19404971045609726,5.511588242278261,2,Free Flow
28.851216250760768,56.194771571457885,0.19090625395747682,6.844211783844688,2,Free Flow
30.910385333891636,52.228232422241646,0.17173702623235818,8.62290566860688,2,Free Flow
28.552826711534863,56.342574139380936,0.21229418102834552,5.721141997816851,2,Free Flow
28.267531954084518,62.90777316954054,0.1477064219269571,3.766691102058938,2,Free Flow
23.29735744832696,55.16010470617168,0.20139127751147146,7.764778289149758,2,Free Flow
34.37108338414261,40.299410617933844,0.21781702434938707,11.122876403607147,2,Free Flow
25.93998924638983,52.911064185155574,0.16611986372471207,6.211307907844942,2,Free Flow
28.825456781917055,62.85116906026477,0.2826824003969384,7.328121549919705,2,Free Flow
36.85821677063209,55.19567062341544,0.27891609620154867,7.8134027006930165,2,Free Flow
30.47180817376612,57.01010959953559,0.3430484155715391,9.702571149689579,2,Free Flow
27.453847692174733,60.32948828651722,0.18371753583120465,7.020499634197582,2,Free Flow
33.2709648956116,55.17097073274134,0.21253591615303127,8.027970443730585,2,Free Flow
31.211699255779564,57.33731243589882,0.11283648802825633,9.333145337219067,2,Free Flow
26.464730088610917,47.067354754423235,0.1973714940263593,8.167962006628908,2,Free Flow
27.50337780753979,59.57067521717386,0.1396021175133092,7.186112502454882,2,Free Flow
27.894453114241198,54.743770013133634,0.21254889280912576,5.984214100752911,2,Free Flow
32.60741763884242,55.34651302584085,0.11486241860096405,4.082817119205938,2,Free Flow
29.95565054545448,53.78467975217505,0.1953460948891415,7.944035086939564,2,Free Flow
30.81201542223665,60.21207285416565,0.1500002794587099,5.65605681419841,2,Free Flow
26.064034111605423,56.589041669427885,0.25602263203909004,7.137321123520979,2,Free Flow
20.993880561025243,45.62803925564293,0.1625133474741795,6.884542225009571,2,Free Flow
28.529800941882986,55.21219617639505,0.1859714151129899,10.098679221086815,2,Free Flow
27.566337699547073,50.25725122288451,0.2215493992334208,4.928715860147761,2,Free Flow
31.402890139152007,55.56404251049447,0.19336508795368249,11.176552214298525,2,Free Flow
27.760053196939015,66.33163993788243,0.18985558478473555,5.445967110059543,2,Free Flow
30.25171049158137,49.08065139824677,0.1661709868483925,8.794066600030982,2,Free Flow
32.00009551914045,51.57807764860158,0.24443323152708804,10.315015516042267,2,Free Flow
35.17068632362785,57.911773739191474,0.26135429204385646,4.238403144051885,2,Free Flow
28.855536424937533,50.231471090221156,0.20536516375073266,6.857101561606525,2,Free Flow
29.401831768980962,65.35196184112228,0.192362609161083,8.827584634380427,2,Free Flow
29.163830412272752,55.41642308376259,0.20027075061962324,8.89664813194632,2,Free Flow
34.195107127969834,64.06066698681832,0.21393290368591253,9.179093772071205,2,Free Flow
25.85688776693196,54.51667791671409,0.2423130259197615,9.731937276834307,2,Free Flow
30.761795038062182,59.87516677762374,0.22208450190472187,10.400612516518644,2,Free Flow
31.0416929650456,53.043659264359306,0.2151128565619861,2.1388112482944486,2,Free Flow
31.378388650986178,34.93372946131869,0.1224441466667562,8.903537201881969,2,Free Flow
31.719105614160462,48.60664170923038,0.16795540811544776,10.741081977228264,2,Free Flow
28.257491526338367,67.33606171821641,0.19991360660706445,8.816072353762534,2,Free Flow
35.82074783459499,55.72064913906381,0.15489452086891395,7.780545096611419,2,Free Flow
29.87180134971567,47.49392091289139,0.18848755678966295,6.515615812005127,2,Free Flow
33.32768792587476,55.190365308018904,0.18727419128835937,7.787636138754848,2,Free Flow
30.8032392662622,58.392478098293786,0.15501294970987783,5.916824734757457,2,Free Flow
33.97684517544911,52.73214720287398,0.13624210583314067,8.88762541876621,2,Free Flow
31.668131301717672,46.58106608508811,0.2103266771958623,9.471166184856747,2,Free Flow
31.347791226142547,58.47589816068768,0.1368078905859163,8.66208030999239,2,Free Flow
28.91056886590639,52.34465412701445,0.2391750024238877,10.95854902134846,2,Free Flow
36.45973219656129,62.23144329328248,0.19506196182664173,8.705440326052686,2,Free Flow
32.76056233842328,55.666478721147044,0.2058843884560195,9.647506263752364,2,Free Flow
29.786582474306645,50.98892184994486,0.18134871203738637,9.267820755467485,2,Free Flow
30.01077584831984,56.87115487277586,0.23015356589909855,7.250317074204781,2,Free Flow
32.7224933890673,57.08363431902117,0.14443341108898347,10.884609582372489,2,Free Flow
28.1973189224751,45.89697561248149,0.1529730330686164,5.957909678643356,2,Free Flow
30.18782394716712,53.4938222194957,0.18484256145617334,9.239403930964958,2,Free Flow
31.223551300293735,56.73826328854357,0.21844228057979118,9.232269336004476,2,Free Flow
22.411367969601205,52.995589612545466,0.10189054709797368,8.072119853595591,2,Free Flow
29.983321299992358,60.75042751134324,0.2534435476724505,8.405550096504735,2,Free Flow
28.19870012137116,57.66838611900156,0.1762437063204059,7.997214697113302,2,Free Flow
33.55009074105877,51.93225759705817,0.23625553876591254,9.354802737384604,2,Free Flow
26.562749458329044,60.3564177051957,0.23143548554171772,8.203851774745315,2,Free Flow
27.255635551100454,50.27436689783436,0.17580518403936402,9.08518892658392,2,Free Flow
26.559749397354967,57.40631736740929,0.14412100120047233,7.591862831122302,2,Free Flow
30.39473191646643,68.44821579782405,0.13802079550158347,10.944029132980267,2,Free Flow
30.539432690354207,57.261445549087796,0.20532565610246922,8.889453636390465,2,Free Flow
29.446733624296737,62.99727599801602,0.1794587985098875,10.264469144358495,2,Free Flow
27.680278367233118,54.66861484479292,0.15176168514694016,8.91004744069504,2,Free Flow
35.20245344493552,54.5745410109853,0.1911401435583241,5.770766073864147,2,Free Flow
29.17454644721169,46.239631571531596,0.15892049059765279,8.453572092218272,2,Free Flow
34.748447511869024,70.45065973676226,0.17360367117180947,10.870600313290879,2,Free Flow
30.87750892944593,54.16813794289493,0.21946675032767687,8.123832967359919,2,Free Flow
30.397424612203988,52.75416760445332,0.13708506530905173,4.912749594955837,2,Free Flow
32.351681579812414,53.478149504528574,0.17317599951547252,8.017011253446308,2,Free Flow
32.86175611049626,55.99200168664519,0.1704775278511565,10.452585911297898,2,Free Flow
35.68506781073388,57.72006160427569,0.24381485801048408,10.483919993627623,2,Free Flow
34.06835753905625,58.37754547411943,0.22692561711836973,9.039321146693005,2,Free Flow
26.049584371630644,58.85397736272772,0.13898837129930508,6.41080108974989,2,Free Flow
34.692834244109115,59.621210894818084,0.2669329230358638,7.456651232625416,2,Free Flow
25.85190417140364,53.677595416113114,0.20459140837582585,8.157977432680019,2,Free Flow
34.081249723524124,53.01301266248105,0.2158415512311316,6.022745701130788,2,Free Flow
31.621142200957728,55.017097026021005,0.16625839977719672,7.528341275650295,2,Free Flow
29.3369673125452,53.514146788645974,0.27971035590204574,7.803107995384241,2,Free Flow
29.121974003361583,43.46401973314422,0.15976066916092352,7.473853151087294,2,Free Flow
27.530930365764085,62.599391763577884,0.19257780010717018,10.576888498636505,2,Free Flow
30.222136682581326,55.20475310031867,0.19600415985293748,8.007592503242918,2,Free Flow
36.187662010979494,42.2421410028683,0.10993044150025946,6.913658337887773,2,Free Flow
30.052300374975246,58.795574336202066,0.2212889239112364,7.23150817423886,2,Free Flow
33.66855729567035,60.666074717340024,0.20828260240722046,9.925315144973682,2,Free Flow
30.981522948355664,51.91184335269414,0.23140175775500021,8.221226245157355,2,Free Flow
30.004823448316152,63.10124464704266,0.08971075421569612,5.164631659680861,2,Free Flow
25.726546465052266,53.00206643837157,0.18854263236052865,4.985348704453905,2,Free Flow
26.453431083681025,50.26537076812036,0.31058408414341515,11.603483895494293,2,Free Flow
28.517702096335263,53.00029190331261,0.14828582012652677,4.1837391735494665,2,Free Flow
29.579231328929314,49.511814092157856,0.19618172607520956,4.799588301913046,2,Free Flow
27.256891950083073,55.81744902416557,0.21647943190027719,8.83494391748403,2,Free Flow
25.246239657034664,59.700771515745586,0.16399047365291675,9.265715829214614,2,Free Flow
29.961700764174505,47.42986875507128,0.18577110329384655,8.730727484127534,2,Free Flow
32.206675369708556,54.2245665640557,0.2689300500770474,10.015021541973118,2,Free Flow
29.07604518096089,59.12566996675319,0.2870207068334684,11.920969201566054,2,Free Flow
25.57920042903901,49.90406788863567,0.26682134540302327,5.8834378983247255,2,Free Flow
67.30360512039988,39.957984651064,0.41891020192635636,19.75424790413337,0,Normal Traffic
73.75458924410631,39.168307660757065,0.36794483210142814,17.88917689121854,0,Normal Traffic
101.9036756218502,43.24954649897933,0.43990415744821326,18.82621407651458,0,Normal Traffic
78.21481589901393,39.00307327824451,0.28067312492863594,16.692777735565123,0,Normal Traffic
62.61806067218821,32.55090813260325,0.3462088461565854,23.179893630515913,0,Normal Traffic
79.57341279003819,47.42036780174893,0.41849421596053943,21.878141181716384,0,Normal Traffic
71.35138884507607,44.20059400760922,0.4327921405333456,18.616046498639136,0,Normal Traffic
85.37158755791519,44.3779885860143,0.3752701320491463,17.305355762549613,0,Normal Traffic
68.63236801377658,42.36332327607014,0.4147154440955192,18.097938006901007,0,Normal Traffic
80.25521927673054,44.396255551781636,0.42781858215993857,23.724512288293973,0,Normal Traffic
92.25901598910121,37.794575982422515,0.47576137942921104,18.725656389066284,0,Normal Traffic
90.0307789995625,42.28554382941457,0.3814532779694365,15.661527536540161,0,Normal Traffic
78.35298070192306,35.45059041171644,0.4435284656129248,23.640302377134194,0,Normal Traffic
72.34965450275178,43.26827711858094,0.36735738150964115,18.491636647671704,0,Normal Traffic
87.43514915710756,41.838139300257666,0.47828416188689554,18.84264205111299,0,Normal Traffic
89.5936287917551,42.40913633442268,0.4358100104384905,18.926821622408127,0,Normal Traffic
79.52423515950481,41.51490470694447,0.3623774298319396,21.588995682996206,0,Normal Traffic
86.24239045355229,44.49292971860338,0.46916345442629404,23.478427522967127,0,Normal Traffic
76.4005309774483,43.56681973742355,0.37193796898338044,20.056052758674934,0,Normal Traffic
74.2424052884589,48.804295298371414,0.41636641676543334,19.47673009254939,0,Normal Traffic
91.45873828982121,32.883415278859275,0.309365383231062,21.91001277252746,0,Normal Traffic
80.58049710192674,43.051874461095196,0.3403121753506653,19.944239093959123,0,Normal Traffic
99.23369033985288,45.46163840314262,0.4076367945314266,18.94627061574815,0,Normal Traffic
76.21210062205382,33.057368865359926,0.41159381894145225,22.02915946035645,0,Normal Traffic
64.8740544591621,39.22204905231137,0.34791409154949604,17.683157132458966,0,Normal Traffic
80.51342361749025,33.24551094904841,0.4276421697260679,21.80925216784084,0,Normal Traffic
77.58941515484564,31.581024258064925,0.3551611618298925,22.95896464184647,0,Normal Traffic
53.33125490500571,40.54040166878722,0.34689996496897335,21.93096872380361,0,Normal Traffic
73.51890605942278,43.696606887089565,0.42544571886260923,24.406942015352048,0,Normal Traffic
78.05175734071645,43.579386352414964,0.3331725034392654,22.856992551904987,0,Normal Traffic
72.6991150585149,39.64483251083147,0.3989988492317855,16.249077571184362,0,Normal Traffic
82.1961922777178,46.06335834628504,0.41318202205737814,16.18664584597106,0,Normal Traffic
78.81143077443527,45.11652139251386,0.3154905055315342,17.420561566837485,0,Normal Traffic
88.4148185991826,43.1344008236286,0.41853872119570396,24.46278753829595,0,Normal Traffic
84.49810667365955,44.763129643819354,0.5219835487248247,19.486869060582823,0,Normal Traffic
72.34032546926245,43.79674487263796,0.4197545963225003,18.7358830593291,0,Normal Traffic
70.08898861227347,51.70134657277833,0.41470795616746103,18.24251508463502,0,Normal Traffic
88.79293090188415,41.541590363442396,0.38862033491569764,21.349454892594785,0,Normal Traffic
67.59793022497578,43.481034256452126,0.48608296634792886,21.118826389273547,0,Normal Traffic
76.38836380367874,39.870157822201385,0.3815347011994701,19.390489572685325,0,Normal Traffic
76.37305728552059,45.84850805251318,0.3220055903555958,22.06880012098912,0,Normal Traffic
76.3550093586314,43.58318069992056,0.3492855440409611,23.188714560438648,0,Normal Traffic
91.95809561764997,46.03028020815031,0.33183603508929077,21.989890570558526,0,Normal Traffic
83.8866088413028,35.257860762043215,0.39890661773031333,20.87488277367983,0,Normal Traffic
85.33832262870224,42.74449774118519,0.4131054137581321,23.53666734140743,0,Normal Traffic
91.76992553514253,29.95836919411248,0.38571526503230436,19.604837533894518,0,Normal Traffic
63.179853701821074,42.39556884457571,0.4561940997584728,17.392237136982583,0,Normal Traffic
83.22944901142277,38.153541395354964,0.36976395893441455,23.545744722008084,0,Normal Traffic
74.79144492692649,43.941292453844625,0.3157951847772556,24.469562147347713,0,Normal Traffic
85.78546348454239,41.2335006608689,0.4258995929499953,16.616433370525254,0,Normal Traffic
91.3522951208255,40.639263942914994,0.39081687182282043,18.820026524082838,0,Normal Traffic
74.42574653364238,44.917616568839314,0.41151580825469003,21.564195539367297,0,Normal Traffic
79.91557098093851,44.15543920652416,0.3811518065233733,25.351356419382917,0,Normal Traffic
64.94786800226721,47.29593675896454,0.4615558352824437,17.954818865682576,0,Normal Traffic
101.40102666133734,46.181059188370334,0.44370125530703103,20.067253248862105,0,Normal Traffic
77.91462888110071,41.120482926433645,0.4175738768343783,23.36284706008135,0,Normal Traffic
81.74061649146962,38.17193678282338,0.4370992178073241,22.2107617913475,0,Normal Traffic
86.28473147309874,45.13109540740493,0.38780823414289867,17.77042599888661,0,Normal Traffic
71.66534306584852,35.131054356476994,0.41066268751956775,19.799722920256176,0,Normal Traffic
75.7761180365148,29.586400937750707,0.34387071386376244,22.6900175633676,0,Normal Traffic
73.61959039939394,43.51448504615873,0.33741915565111347,23.452893157662153,0,Normal Traffic
78.6173344634751,43.218169665230846,0.5046600906346759,23.639456241414567,0,Normal Traffic
77.05697003564424,39.508475223544494,0.3853504744816211,21.223755796343685,0,Normal Traffic
78.98984831119164,40.33997459098542,0.46602315628190694,19.72589625973319,0,Normal Traffic
102.07605529315826,42.381118767759126,0.4803393277401128,20.857566614505505,0,Normal Traffic
89.2444215031947,38.95663358362556,0.3615808349835665,21.10329429203597,0,Normal Traffic
89.49011112766702,42.169077308401945,0.34211229992123365,16.735379920905615,0,Normal Traffic
66.29949053901208,34.5759871256546,0.40492684117511896,22.700105412099262,0,Normal Traffic
79.87120844552183,32.50625801918102,0.3914157792849453,19.609282408081743,0,Normal Traffic
100.12158800216422,35.88002076573786,0.3824195078830362,24.094046433306954,0,Normal Traffic
84.31979207692686,44.365914908768985,0.4051562996660745,20.791864492777435,0,Normal Traffic
87.46505149067394,38.60015746065038,0.439512636050869,16.704792759474707,0,Normal Traffic
83.15233253918277,42.75071204580257,0.37226681103135517,19.945555339218448,0,Normal Traffic
74.0236145344107,37.498854427180675,0.38408733662738603,17.35042727510801,0,Normal Traffic
83.09885565529518,37.16964092456007,0.43203896603459735,17.164450236970833,0,Normal Traffic
74.56356881042234,39.37666568549625,0.45963160279936777,20.79269586947982,0,Normal Traffic
77.96735549557381,44.09462165249284,0.30517634437016405,19.896479384861824,0,Normal Traffic
99.17613610692572,42.555855326891226,0.4030560926126201,21.31550811114127,0,Normal Traffic
88.59781033581771,33.61063988986259,0.3242953083194038,20.50469909860675,0,Normal Traffic
73.1371850057839,47.51050610132364,0.38581715245516496,15.357126234288518,0,Normal Traffic
67.82706639829763,30.451360717551584,0.38946435082226893,19.54787809456548,0,Normal Traffic
75.92515798609378,46.5312919639249,0.4539333926432512,19.591067783945334,0,Normal Traffic
59.50694079222218,44.59258263806748,0.4249912102828859,20.74253976837667,0,Normal Traffic
89.42220559335792,37.10772199486363,0.49039399237833126,17.697373392459518,0,Normal Traffic
87.1925401011282,34.913139683463925,0.3581380890728477,23.639284752140806,0,Normal Traffic
77.49536169919185,45.52767494155775,0.4106629924923661,19.748100425599585,0,Normal Traffic
93.09296311935383,41.00603293646202,0.31986678515964384,18.07222377931591,0,Normal Traffic
85.29144059553626,43.66113824672254,0.32948237873940533,18.261577953420318,0,Normal Traffic
74.41547504765843,40.46502770472026,0.3380838885129302,18.491909340513253,0,Normal Traffic
73.00533934150853,45.24043969100006,0.436410458994561,19.65005490058684,0,Normal Traffic
76.23641795964097,42.58768211056427,0.36325412016449915,17.247603002798144,0,Normal Traffic
70.97387639431312,39.33378471131988,0.34764367900934784,20.388942941750898,0,Normal Traffic
87.0052704683236,35.33418713664739,0.4011307920047215,19.472154091360796,0,Normal Traffic
83.27848338115331,41.94565717396493,0.33458803240307666,16.970265682742802,0,Normal Traffic
80.28246632561574,46.320879862931136,0.30036156830306493,20.829743791523793,0,Normal Traffic
91.42037125076138,41.35729131993391,0.42475911232118985,18.312634205845274,0,Normal Traffic
78.85408448694199,35.192163223105766,0.2945045511211507,22.262637922940662,0,Normal Traffic
70.54404869384535,40.086783050985595,0.3376100986028413,16.616072712598697,0,Normal Traffic
78.33115807909168,38.93577578463029,0.41700869490976145,21.08609220555102,0,Normal Traffic
83.08015660471622,43.00212332189946,0.47099956922193487,17.437774954292273,0,Normal Traffic
79.472625284452,46.757297246182276,0.45690429142021166,16.587767241573026,0,Normal Traffic
77.00138776010365,47.70410860264249,0.42286355973395795,20.468631275551456,0,Normal Traffic
77.9102269430273,40.38803611202747,0.4129698578390646,19.39430210003724,0,Normal Traffic
79.59124523797334,42.330114565683154,0.36948678121779255,21.27711049731545,0,Normal Traffic
107.97674862478803,34.536656114830485,0.4145805635885491,18.175543787314627,0,Normal Traffic
85.5430647441848,42.195541387977016,0.4342834648319109,22.82121578362107,0,Normal Traffic
81.84724273057454,46.75461961133955,0.2945065947795096,23.817085514998457,0,Normal Traffic
83.60059665816647,46.526942094129765,0.34510559148213155,18.006152284147195,0,Normal Traffic
81.40100762378984,41.92844086478266,0.41273808646044957,22.602836386231917,0,Normal Traffic
63.05388497309265,46.0900401012127,0.40037268594810677,19.510923533301085,0,Normal Traffic
65.87729374990505,44.112804407182836,0.29136514670360336,21.55614562697291,0,Normal Traffic
65.67578397945928,42.22452323299339,0.3946374023202436,22.80689155350532,0,Normal Traffic
78.28491037746666,39.08461804318821,0.3772028786812959,23.054918645011192,0,Normal Traffic
85.14845090413658,40.380354077602725,0.3893599111015969,16.238774982594926,0,Normal Traffic
83.7293523281748,34.60877402767905,0.43383084096259555,20.30869182197904,0,Normal Traffic
102.91473727590966,37.37943067435791,0.3953802059031715,24.31589048221535,0,Normal Traffic
91.43734054679757,39.07590938336442,0.4100785342768052,20.00479845539621,0,Normal Traffic
82.70677632698391,39.065542168863715,0.39598058187846696,16.164674299335886,0,Normal Traffic
81.29718513793358,43.89008682837169,0.38976612643102526,16.12387786259651,0,Normal Traffic
89.48990588337404,43.53100515956977,0.3673293206034561,19.326558927588646,0,Normal Traffic
65.59357373329435,37.693277463332805,0.37579848941392874,22.948209949472364,0,Normal Traffic
73.86076744748023,44.688897369180786,0.37577577087122893,20.5950741460445,0,Normal Traffic
78.6426031794195,45.66683772038952,0.37593348978016494,16.22593219999414,0,Normal Traffic
66.73328929890913,39.76611452544042,0.3437923013194877,20.984508837630923,0,Normal Traffic
75.52862561736245,51.97334751011101,0.32180284321882907,20.488719628903524,0,Normal Traffic
69.17165097434558,39.92771437039275,0.4063638763003245,14.419108700301713,0,Normal Traffic
82.27353072116506,49.9922113415515,0.37959527657341335,20.623538856333223,0,Normal Traffic
89.83924825400383,41.31139529988661,0.37385679151608325,14.538232631067796,0,Normal Traffic
86.15351090619174,41.52469267913863,0.35442922668753274,20.303832104666466,0,Normal Traffic
74.39666857466067,39.78061024931479,0.4272831020248919,16.787882212822772,0,Normal Traffic
90.05422674630807,36.1297181149027,0.3701784366240132,24.615070865759783,0,Normal Traffic
90.82260571176725,42.40993676848085,0.35767614030244527,18.729746463920257,0,Normal Traffic
80.70344302002269,42.157597575826316,0.3959108081668317,19.92600196619796,0,Normal Traffic
77.9419989468309,35.943689310311946,0.37675701660276256,22.19509772956843,0,Normal Traffic
66.86399074350928,41.20386685153503,0.36311107320531205,20.267241030555468,0,Normal Traffic
76.26912146175854,48.20505339289361,0.42279624193856147,16.851672402134692,0,Normal Traffic
86.44378891149151,38.74646220369934,0.374035163288011,20.75316564825709,0,Normal Traffic
75.2792247705907,45.74999442855641,0.3651470472318972,18.51452827378073,0,Normal Traffic
73.69883942193816,39.62431725690884,0.4494636199996516,21.509111104664726,0,Normal Traffic
96.41546195851588,51.52410565637687,0.3536177335630447,20.169005905585493,0,Normal Traffic
68.70847696022304,38.73405510345728,0.3716462870384949,17.462828302068143,0,Normal Traffic
69.90188218017524,41.39400561021493,0.3452476711726117,22.02110470193032,0,Normal Traffic
71.18956604079186,53.80018967440485,0.37968769970660227,20.172842340600926,0,Normal Traffic
67.56472462912606,49.16558538413609,0.45037753063613123,20.71259808976667,0,Normal Traffic
67.07069553171617,42.88480088644341,0.34953560292922353,23.509652632336067,0,Normal Traffic
87.76826942579046,42.40084396164849,0.2903630951538705,17.639801651218328,0,Normal Traffic
86.60250686335877,47.09411150523725,0.44991264151714594,16.17916879462051,0,Normal Traffic
82.89490214540388,46.265163909228306,0.325374899548799,19.981029163104232,0,Normal Traffic
82.62888702376118,40.736788743643714,0.31665271650694593,19.21832453582305,0,Normal Traffic
76.85786786955177,41.37809590089943,0.3746437858558719,18.93677083222048,0,Normal Traffic
79.618819689469,43.858309340872786,0.38630079567145,19.016842571916797,0,Normal Traffic
80.8865987672428,33.93215311124024,0.4214665807251906,19.998648566904897,0,Normal Traffic
80.38105785533659,46.03508409189675,0.3121233011478288,15.262798712338487,0,Normal Traffic
82.62851691510579,41.97010920846024,0.40765796244363695,18.890895019586132,0,Normal Traffic
86.37779527270334,45.9170831405627,0.42177920322781876,19.374011699829,0,Normal Traffic
59.76618187890173,45.230792073755936,0.4549777899797917,21.546940188761553,0,Normal Traffic
71.55543269727194,44.829936453404585,0.43872383685826505,23.741158994717807,0,Normal Traffic
71.5893447274116,41.048890744914615,0.4336272423014555,20.137784171451578,0,Normal Traffic
69.27365502030776,43.74138839711215,0.42603977352168254,20.211110951194406,0,Normal Traffic
82.10801530092746,40.913435212919936,0.4665225521072227,17.838338759089577,0,Normal Traffic
74.36172067746773,42.046139156815606,0.43955293124654016,16.406304391773112,0,Normal Traffic
67.42115120225178,33.441540267514185,0.4014712851363972,17.316066038704296,0,Normal Traffic
76.308318943828,44.77778839754517,0.3711305775647719,20.555076854584076,0,Normal Traffic
77.12635608558347,44.822880123405035,0.4213807630306604,18.339359129180934,0,Normal Traffic
78.38094316735565,46.38372227042608,0.4177019591614344,16.647291061397283,0,Normal Traffic
86.29393338724527,37.444635385767796,0.4635630881482453,22.45783721561846,0,Normal Traffic
82.78290056881664,42.660377942432014,0.39059354847876615,21.628457483360066,0,Normal Traffic
76.44052957316421,42.98939345668755,0.4392370464933753,18.651664295538584,0,Normal Traffic
74.08454969608933,36.98366498095727,0.3520987264243223,15.611851252540394,0,Normal Traffic
87.00635637454909,49.597441076747636,0.46413980245616376,16.097397227296362,0,Normal Traffic
86.95860484693952,47.97284666967894,0.3794435508667601,20.24347383356012,0,Normal Traffic
60.72422671227517,43.120291905501894,0.3521398121754377,20.479124042987635,0,Normal Traffic
65.01245194698674,44.280004542805905,0.44610307039420105,18.120368331883597,0,Normal Traffic
69.08554321845983,32.94470322129008,0.3880113909666171,18.604174557724146,0,Normal Traffic
65.11021364145867,43.902678776511124,0.3797513328160908,17.41823369925144,0,Normal Traffic
74.6761049058517,46.49947906350439,0.427132162468985,19.687937452403624,0,Normal Traffic
85.94340817726258,37.124169783175695,0.4014566545327164,20.35357359316753,0,Normal Traffic
75.48956951841222,43.828925011021155,0.3648804945409997,21.223569698662683,0,Normal Traffic
85.2978442067004,29.747928501072323,0.45356375665795534,12.68568184315339,0,Normal Traffic
74.0859293546612,46.30646174388257,0.3857220973636402,16.4811536420731,0,Normal Traffic
69.50012420751996,46.3130041345466,0.3135322961253113,22.70957864230884,0,Normal Traffic
79.47101984919402,36.99193961214178,0.3737598217463789,17.558661581356063,0,Normal Traffic
88.31576192824187,45.076196801003924,0.32263774897557795,19.0313789155536,0,Normal Traffic
71.71341764149494,47.43274186752936,0.3392455396843111,23.850149851244034,0,Normal Traffic
79.6803705006374,37.11987549320363,0.36952266171958253,18.07611478215572,0,Normal Traffic
67.76366334065114,42.398272810867574,0.3447438002188671,14.767121099028348,0,Normal Traffic
76.35510587985753,34.428003975044895,0.3661527609369616,17.818153067351947,0,Normal Traffic
71.63632570855218,50.404045026678645,0.4025385205226307,20.588890421588797,0,Normal Traffic
62.946576355113976,39.25335483872493,0.4096886183473681,17.541130609008786,0,Normal Traffic
88.71740329777266,36.94867433921567,0.3871135238860671,18.59347606405866,0,Normal Traffic
81.5774783300664,39.30994169820721,0.38780978678180783,19.433287779732836,0,Normal Traffic
72.9498775290435,44.03739424768787,0.4107274768676842,19.7873265313924,0,Normal Traffic
75.8675999987652,45.345484928183986,0.38938745902836186,19.26392650921775,0,Normal Traffic
81.00502428692602,49.125664068477576,0.3396839706390459,21.84765654333285,0,Normal Traffic
61.82555685211419,42.91254726456022,0.4708787272423929,21.172804458721536,0,Normal Traffic
81.63800075398201,39.64611223102708,0.40139712402198496,19.395049243031945,0,Normal Traffic
72.45462456385899,40.782522415005545,0.4089271522281898,18.158679035526465,0,Normal Traffic
72.25969452142704,36.28697756211287,0.4175826261740003,21.308775828720943,0,Normal Traffic
82.22394026467057,46.0537160694604,0.40395404366863275,20.940826249677816,0,Normal Traffic
82.9168392861206,41.61553191844353,0.3761130177341659,25.313966277900587,0,Normal Traffic
75.66127059340631,39.20331361329417,0.41953044205525486,20.604450596708013,0,Normal Traffic
66.51400114294086,46.7152486691677,0.39576124410921254,17.333765371482272,0,Normal Traffic
91.4123274977972,44.62783740070385,0.3430956103623439,24.265238816618538,0,Normal Traffic
86.32445473631545,41.957176314374806,0.4715598462529801,20.382314681191136,0,Normal Traffic
79.7304024790013,39.226739512707645,0.42618326976881854,21.14384712157755,0,Normal Traffic
80.14092934294123,38.68205731375607,0.40584684343747335,19.832482914170868,0,Normal Traffic
67.19864654015167,35.81838812443842,0.42543190204643966,13.755468043875947,0,Normal Traffic
81.9719410588281,39.992051157433934,0.45887109730959597,18.8156762980307,0,Normal Traffic
86.3310484568182,40.33296186680128,0.4051186669068765,21.768407674208124,0,Normal Traffic
75.55946512328403,46.185530514893294,0.3552835955302083,20.70702282214011,0,Normal Traffic
88.85734133876339,44.772157465519406,0.4862400194530935,18.167745638454416,0,Normal Traffic
66.76016718705355,37.8237925443205,0.4297199154946797,21.19501504224651,0,Normal Traffic
80.98166393261519,37.28358039375006,0.43450902819980775,17.060708533638703,0,Normal Traffic
91.12591599081824,54.001241377187434,0.4164903015957198,21.39945952557858,0,Normal Traffic
75.26854621860264,34.39710405143537,0.37287762866364,17.377051421363003,0,Normal Traffic
66.10875606641585,49.23391175638173,0.4122788133111598,20.91125019347356,0,Normal Traffic
77.033385294116,41.273941453737564,0.44340478070077005,19.922390915131484,0,Normal Traffic
85.09466180503743,41.176781949050934,0.3846031199170579,16.62340600255553,0,Normal Traffic
61.01360900127557,40.90144001552111,0.4025423511396955,16.9132879118989,0,Normal Traffic
79.66904129566753,42.22576076456011,0.302979639727328,17.803700817249197,0,Normal Traffic
83.9097333798605,43.62564666346213,0.3480846287620108,20.380275321199363,0,Normal Traffic
89.81510936346054,45.263706427761775,0.39571213958437296,18.8768568480217,0,Normal Traffic
73.95829295038875,43.96484308822056,0.40877967879142996,21.51056961464528,0,Normal Traffic
81.26598860596306,45.43880859145926,0.4042566639830965,21.883252918716046,0,Normal Traffic
88.35989859551974,38.620988153055784,0.31863351789081645,23.70438285443493,0,Normal Traffic
82.46392381483771,34.79915923891629,0.367878122625158,21.85249830168759,0,Normal Traffic
77.31510242112422,39.84934203885967,0.46303968371408355,17.486510848678854,0,Normal Traffic
72.3377277655536,42.88782319520272,0.41757047194242475,21.191223282417756,0,Normal Traffic
88.74788522786189,42.83403020686237,0.4220222772522284,19.3778977776438,0,Normal Traffic
80.60190371107245,42.451643556225264,0.40967941611185665,21.854095538198624,0,Normal Traffic
85.32939854667038,42.185711412180765,0.36358933067765326,20.162411019350504,0,Normal Traffic
79.73102926500086,42.81136263521543,0.4992936388213181,18.742945331501033,0,Normal Traffic
84.05397458360345,46.48754068242605,0.40441008613447227,25.610828286013195,0,Normal Traffic
76.37082279937782,43.3611747337442,0.36405374147981584,19.156340635656097,0,Normal Traffic
82.38976553980791,45.55447706169247,0.41435926753106084,23.021875638403365,0,Normal Traffic
79.08833301831035,40.60489217467618,0.5216793298275724,20.946170358660872,0,Normal Traffic
73.09297715860595,39.08409219855811,0.3575794038460897,22.24776645405629,0,Normal Traffic
76.50197798822488,42.53492239775724,0.3971421096502779,21.755581779058243,0,Normal Traffic
71.87125670831341,37.482596398199334,0.41009337882317176,21.44230228327975,0,Normal Traffic
83.19231020573736,38.600294337791226,0.43048681789411275,18.214733774970476,0,Normal Traffic
74.99322901005073,38.03539519616759,0.4585521256893414,21.520211698465637,0,Normal Traffic
85.80793640651719,47.23828796879829,0.5265692161707426,15.897857350615627,0,Normal Traffic
72.91158482357976,39.412064646467,0.36171311699277886,17.41380020575109,0,Normal Traffic
77.12333058506849,36.8902643957845,0.4150769065391836,20.124075971428674,0,Normal Traffic
84.6178751817311,44.132459496880664,0.42713530840420044,19.103818551622684,0,Normal Traffic
100.36297666528321,42.98461068922481,0.31618818613188426,17.594298210161078,0,Normal Traffic
63.291171305332966,42.07280544243549,0.3945187649176,18.875778325041303,0,Normal Traffic
99.30489067904493,44.30572807112303,0.43267442626508507,17.76542362893895,0,Normal Traffic
70.40820904322229,42.15458309620721,0.4077853212843502,15.544852238925303,0,Normal Traffic
78.26905258064447,42.05910274806872,0.39031828754029924,18.047863010367976,0,Normal Traffic
74.82046225355705,41.25719138699426,0.4040860010624522,21.451499798121365,0,Normal Traffic
90.37621956752837,40.76373956118555,0.37947297117480894,21.050373616482336,0,Normal Traffic
85.8641111975442,40.17635818031268,0.43556770646347776,22.351004818774335,0,Normal Traffic
92.40019007032326,49.468947808223255,0.36101127376032527,20.033355702398026,0,Normal Traffic
80.10826588753913,41.58809101216347,0.3707831686175439,16.43465119224543,0,Normal Traffic
80.88972268187844,38.772906229898766,0.40386970663364313,18.09429549992275,0,Normal Traffic
69.44327987989432,42.98405311358297,0.40679146870629235,21.39027673117024,0,Normal Traffic
100.9842921576092,43.16461603108556,0.42182867951788583,17.41385281071842,0,Normal Traffic
67.64568857085081,48.647883676448004,0.3584434099030014,17.49453422847526,0,Normal Traffic
79.6246503563211,41.62119186381497,0.3593872072100519,19.26806427508856,0,Normal Traffic
91.802006889441,38.61482684290645,0.3372847382035223,22.262224690159503,0,Normal Traffic
84.72605035460515,39.39382179327562,0.3288024842742887,18.21290394454745,0,Normal Traffic
79.47483740624699,46.89582277751204,0.35335381113086545,19.797152284372462,0,Normal Traffic
86.48138873499101,31.998677171487934,0.4465203775572505,17.16211862670455,0,Normal Traffic
83.18715673718657,43.03606922836512,0.44880638761587305,21.322218514144495,0,Normal Traffic
57.17801127939218,38.70392716194483,0.4062192308208976,19.532048273312512,0,Normal Traffic
84.58506300566499,45.31533953381276,0.4273803281393356,19.485740137869282,0,Normal Traffic
62.27516469324339,40.08697875480977,0.41873656666625303,17.382926593878853,0,Normal Traffic
86.06023740916713,45.81525184852268,0.40570901393331293,12.64692832085025,0,Normal Traffic
67.73035171796668,49.92199446593554,0.37540579931372303,15.23805626449041,0,Normal Traffic
91.85837492777861,42.056093484483426,0.4497223220030977,20.664700820526477,0,Normal Traffic
84.40216770763682,43.52463884040097,0.431386974036445,25.465833076534636,0,Normal Traffic
89.3216608252082,35.36257486504876,0.4200997681875507,22.739553843447723,0,Normal Traffic
91.545927742747,40.20825907115178,0.45242250003346574,22.226581758922894,0,Normal Traffic
104.69616739490941,38.84999270775625,0.3771669740619809,19.26531428369611,0,Normal Traffic
75.29386735962775,38.261912850992864,0.2756796022446816,18.956721263064477,0,Normal Traffic
83.54583737311908,39.92846824887518,0.48709215325880995,20.03210195051807,0,Normal Traffic
92.3938789297677,43.09796573346587,0.43718832894519666,20.670179729440548,0,Normal Traffic
93.1403324662742,42.23494527055608,0.4223254318639954,20.879199040760106,0,Normal Traffic
77.23245960197774,43.700925739483644,0.5005473810788957,19.35104733897094,0,Normal Traffic
84.02686297139118,47.282671593651656,0.4513113976424926,20.028119402526478,0,Normal Traffic
57.11946845160933,44.170151838323555,0.30012365836196264,23.527849354258954,0,Normal Traffic
81.62694916345531,46.19863088346236,0.3594049987818527,16.27398206407987,0,Normal Traffic
82.50324208775521,41.858865552184206,0.37788066282292754,20.203187073758635,0,Normal Traffic
106.56738456350969,45.50500729895004,0.4472274372638494,22.025448539728053,0,Normal Traffic
94.20283658098106,41.201698973816875,0.3075357411546118,19.547393280785577,0,Normal Traffic
87.79266281596642,37.92683834051669,0.3920635322279802,18.33975261679445,0,Normal Traffic
94.41948081769405,45.14771946470757,0.4293193279289782,21.491843151490333,0,Normal Traffic
79.64240717549959,42.829736386615515,0.34666669387604576,14.752539250998637,0,Normal Traffic
81.44077885131223,43.36075907634301,0.454416905579142,23.771205958597683,0,Normal Traffic
95.07198545598989,37.80830090816571,0.38414807342726043,21.152802310115312,0,Normal Traffic
104.3062849063249,48.21641665559845,0.4503728722899271,19.0693089066817,0,Normal Traffic
71.5212835409108,45.31341311020961,0.35047024310945385,19.427752757647273,0,Normal Traffic
78.89813168958155,48.69023077431579,0.38403862136681455,14.145800867425724,0,Normal Traffic
84.8426686175597,39.06410821696351,0.40191839609969865,19.791908717978902,0,Normal Traffic
77.37244164014942,45.319430443495754,0.3310210804741282,18.759165860109537,0,Normal Traffic
86.56676396592687,39.420843943553656,0.3276036980828513,21.604532823816164,0,Normal Traffic
90.78170845223877,41.811020127899376,0.31176194806887103,21.69432739207716,0,Normal Traffic
64.065076338371,43.296956962762295,0.3600641278866028,17.216385714159284,0,Normal Traffic
75.75766383603498,41.230150263005505,0.37101062873260987,21.41288786771636,0,Normal Traffic
137.23839281481628,27.450477179179554,0.6926527924539566,43.98207049000526,3,Heavy Congestion
129.93264602131822,20.881259252381405,0.6930829930040071,45.95757572783218,3,Heavy Congestion
103.72379781169485,23.6607128180765,0.6394534686835273,57.075902930903005,3,Heavy Congestion
115.37165215305642,21.396623000664867,0.7299486339397565,55.81495578699243,3,Heavy Congestion
132.03729686617385,23.419785442977723,0.7077305928448991,34.595905169595014,3,Heavy Congestion
112.61522988960333,24.298166497873222,0.7497450754758107,45.49019469215958,3,Heavy Congestion
146.7563001761917,27.83447318141003,0.7748098129975166,44.67735279466572,3,Heavy Congestion
144.70704100703838,29.555138053357105,0.6115010326163858,53.91886696639001,3,Heavy Congestion
127.28130973691411,25.25618091775789,0.6690821428669878,42.48185317996092,3,Heavy Congestion
127.89402645874601,25.691035910634387,0.7247992697673208,47.25271946963422,3,Heavy Congestion
146.21996896195796,26.427935165727618,0.6362771552144169,52.26062884845844,3,Heavy Congestion
159.2565698888396,31.509065746876026,0.6630753114248189,45.36144882239159,3,Heavy Congestion
158.38000616538318,27.047760422280348,0.655921078098048,45.67778298088292,3,Heavy Congestion
154.4156765849939,22.931039398163346,0.6615259705393244,48.51605434004218,3,Heavy Congestion
162.32933311590727,23.488503459551147,0.5970926992086198,36.960398587095106,3,Heavy Congestion
123.08621263931329,21.717080704500155,0.6730425158621042,41.1520503152778,3,Heavy Congestion
132.77206369911104,23.064785287544876,0.6601771462618403,55.617624949573184,3,Heavy Congestion
156.51788805609098,25.04032353819001,0.6592538173738623,45.5045798978514,3,Heavy Congestion
150.70278857716391,26.460422683380724,0.6391572122254731,48.21012915233797,3,Heavy Congestion
109.64981950526334,25.529284460426492,0.7142967158881409,46.38680470916616,3,Heavy Congestion
176.60756973283782,22.796903881409875,0.6897848186886468,47.7936494592041,3,Heavy Congestion
143.2548205864847,24.71419457998813,0.6848197263504263,52.88424236235091,3,Heavy Congestion
168.97261051118056,24.994374388739608,0.7166892232477236,43.957822389503335,3,Heavy Congestion
158.32762487743645,23.095021190432526,0.729079697123966,60.73329145378506,3,Heavy Congestion
142.87574034929779,19.518641272981476,0.655336718003983,55.09560077350639,3,Heavy Congestion
154.62353609423926,25.622283996687575,0.7253900760179678,50.79045181007091,3,Heavy Congestion
166.18841826164976,27.298559191617464,0.7484765203731631,50.066665443300025,3,Heavy Congestion
160.75151358599481,24.232182317285538,0.6529342634798447,57.83098160881329,3,Heavy Congestion
148.76196136801477,27.012201414655948,0.6855683006485126,44.621669850701004,3,Heavy Congestion
145.19110233093377,28.589985044419286,0.7049858033425741,38.14191459995256,3,Heavy Congestion
141.25474645557492,29.45573448176178,0.670379141216752,37.62924273561112,3,Heavy Congestion
177.93905060635225,26.705981274531982,0.6768494213534241,45.86063384016728,3,Heavy Congestion
163.8329235783762,23.64504149943452,0.7316715391032195,51.123044845771716,3,Heavy Congestion
149.2574655034799,25.36378701333899,0.672126438347862,54.02288709240537,3,Heavy Congestion
129.9430347214281,20.945187182924478,0.7076498055301614,51.63593276966677,3,Heavy Congestion
153.35619605370474,26.019320924045097,0.6655756829748104,52.535900377260624,3,Heavy Congestion
144.20728859447098,23.782216097962056,0.6659648909485071,59.63888466494879,3,Heavy Congestion
114.81141617240948,26.249470260739496,0.6044400307569328,47.376575971259676,3,Heavy Congestion
137.45488175831713,19.787429258300307,0.6975066915695194,45.81098076177295,3,Heavy Congestion
108.47380963943436,27.09892022693563,0.7445752780095021,56.58311621162825,3,Heavy Congestion
151.2458420673356,25.115145346442787,0.7397670479403109,57.690529451558966,3,Heavy Congestion
164.72409543003587,22.6461559944255,0.6890605183946715,50.53161299111863,3,Heavy Congestion
113.51266474084022,26.173401649051936,0.7822846321690725,51.68603231501256,3,Heavy Congestion
170.63738761708655,25.457286825321763,0.6767051754207281,50.19612320686642,3,Heavy Congestion
130.80461632507087,22.59056203191403,0.7369837050726215,55.904691894911146,3,Heavy Congestion
127.7547501087801,27.419997011384662,0.6760868010977291,49.95729738906488,3,Heavy Congestion
153.00780432617012,27.485876170310796,0.6837223190838435,56.12253309293915,3,Heavy Congestion
150.3837834118227,26.560460681173833,0.6425031833808239,60.433875901659846,3,Heavy Congestion
153.17495366376642,26.78249356336275,0.6076316384954807,43.261236347064376,3,Heavy Congestion
166.53917616978592,25.71722779573151,0.5938799119326984,53.9805499909468,3,Heavy Congestion
135.5381792042626,28.52829246469178,0.6760473944628336,49.17911051147825,3,Heavy Congestion
165.51380966749468,22.756267572863344,0.6353218936474727,46.868169098506904,3,Heavy Congestion
159.39280671340927,21.672806868466274,0.6049384430049907,52.74463253977224,3,Heavy Congestion
134.50817736133413,24.019434967699294,0.5964435319126926,44.08907914933258,3,Heavy Congestion
144.868329038618,27.32594464405723,0.6452946425194414,57.54648645253918,3,Heavy Congestion
133.08872517927148,23.292270496037062,0.7491810898354011,49.21801047761616,3,Heavy Congestion
135.39476971519858,24.612167172048515,0.7408883109893927,56.445328241043924,3,Heavy Congestion
130.78779868069753,24.89391547480223,0.6840570572450408,42.3192569634244,3,Heavy Congestion
144.0310800838901,25.01330715112925,0.7313094265521531,54.954768163072515,3,Heavy Congestion
139.27175646855326,24.46511714034797,0.7098931535925036,44.629314534180416,3,Heavy Congestion
155.2423386402308,24.780233781576964,0.6363770640017621,42.48862053381323,3,Heavy Congestion
170.17882131094117,24.608946302141753,0.753815934225424,45.04145513828212,3,Heavy Congestion
150.06697049968798,30.9816918075456,0.6324175964901525,37.06858848057729,3,Heavy Congestion
167.38666828439784,22.932977236517317,0.6790682136152195,44.62511110779887,3,Heavy Congestion
149.6660323886225,22.623659482035645,0.6719026960452513,50.590936280965636,3,Heavy Congestion
127.45542537882784,23.249789925885278,0.6643677724880661,39.77002309885664,3,Heavy Congestion
137.64743889930182,25.296991349757256,0.6620202976285208,46.436871400713265,3,Heavy Congestion
144.65371092622541,23.360641343919216,0.7110978154640095,56.27123399885823,3,Heavy Congestion
136.9197811757992,26.21299557869427,0.6692172280054409,50.10520710742179,3,Heavy Congestion
172.24456384293663,26.271648857545248,0.6001963457535644,50.61501483713448,3,Heavy Congestion
166.45182913357675,24.446009575004744,0.7248035662753025,44.02493448296479,3,Heavy Congestion
119.15161862431243,25.3529225470816,0.6009585475664159,46.61891896573291,3,Heavy Congestion
167.39105537003175,20.225592735634297,0.6224226441838746,42.055494267869314,3,Heavy Congestion
143.8982344410293,24.085708035884476,0.742961137176324,53.497046375568175,3,Heavy Congestion
153.61774926159362,25.36407578585971,0.6976953399643173,43.03498163339496,3,Heavy Congestion
159.91546015188504,22.219889364102,0.7175919647256004,54.83218081220447,3,Heavy Congestion
148.6690440763327,24.55946735259506,0.6980139458739354,31.517654188220124,3,Heavy Congestion
150.25929300164702,24.71661500540048,0.6777217349124355,52.069627274291484,3,Heavy Congestion
143.69902076477373,22.149482858372103,0.673636879812858,48.38911958830555,3,Heavy Congestion
146.99985006150962,25.40479841821267,0.7267716070213349,41.74444097452331,3,Heavy Congestion
148.0571879372684,28.2248242465456,0.6019424826378262,49.03476488129311,3,Heavy Congestion
134.81441406566904,24.073224038817237,0.6392836623553511,47.02338787756544,3,Heavy Congestion
177.03784769102813,21.838924097056967,0.6273675498884528,40.50085687585821,3,Heavy Congestion
175.05707818732895,23.84415073619678,0.6788462422843548,45.67997025922806,3,Heavy Congestion
128.5670419157862,24.41212338346391,0.7906209622581453,56.018328504811706,3,Heavy Congestion
130.15888197041446,26.618935257654215,0.6425814752300131,37.76812240024577,3,Heavy Congestion
162.73948996736456,27.900232116608876,0.7270723512971555,45.29357616449526,3,Heavy Congestion
142.09810222836543,26.87441388414531,0.6976173216806649,45.732648165329024,3,Heavy Congestion
116.82815032994394,25.28468798535503,0.7285554337656251,41.101891455163255,3,Heavy Congestion
156.114413241162,25.828854237834232,0.7137566718454551,53.02257887838148,3,Heavy Congestion
132.91630479049886,20.957601499587636,0.6559916213442705,53.121373348955565,3,Heavy Congestion
135.5691320786481,23.264891690355896,0.5980392346133914,58.09524991421341,3,Heavy Congestion
159.3674173608004,26.92473995318691,0.7235476424050764,51.32184016248999,3,Heavy Congestion
140.7486779198762,24.590589739694497,0.6607596035933544,63.1761067454304,3,Heavy Congestion
154.6728693446103,23.840498896621412,0.7009473548374826,42.17739503314761,3,Heavy Congestion
171.17841690345256,23.34732726048215,0.702548844468011,54.14003114732046,3,Heavy Congestion
151.69497266916687,25.236174979549094,0.6804860938185208,47.674899281930266,3,Heavy Congestion
134.96544629266145,23.87629142557574,0.7465815668142921,47.374828995733495,3,Heavy Congestion
131.32714491273975,23.70925600784623,0.7295166806313751,51.89149420702739,3,Heavy Congestion
154.74972770124128,24.356197002725523,0.7058013111577826,44.293087920284265,3,Heavy Congestion
140.48271585458352,27.424511218479363,0.719342495551358,42.34419928732338,3,Heavy Congestion
130.1138397193908,25.271755382033525,0.757675956860128,36.96634465265859,3,Heavy Congestion
149.84299314852677,21.559891671067128,0.6514551052913505,45.90089231194997,3,Heavy Congestion
137.68315482419808,23.66551015085198,0.6803243177169367,44.91692793620787,3,Heavy Congestion
119.55324150353775,26.94967403130694,0.7138792475216996,52.85668402573057,3,Heavy Congestion
118.19121976500497,25.747295381460376,0.7104190485113115,42.06027608578799,3,Heavy Congestion
145.15961451836904,24.709333386724087,0.7628967796355719,59.08509717319242,3,Heavy Congestion
116.04019875605451,31.234817514319975,0.6388148425481005,53.64867817532597,3,Heavy Congestion
161.8866648670289,22.510774432895484,0.7021970507227595,47.38060563302747,3,Heavy Congestion
154.6453420806036,25.576680755951564,0.7338352768416612,48.43430136852132,3,Heavy Congestion
142.0789911919822,27.74016058264295,0.7061178184186372,52.215245151288315,3,Heavy Congestion
133.43619190270041,22.386843046503813,0.6544525035536285,44.42406881847981,3,Heavy Congestion
158.6798672745607,27.43996012573513,0.673019136971042,56.24209354842827,3,Heavy Congestion
168.81136745151326,25.60849729100135,0.6430148702805633,57.07416950074871,3,Heavy Congestion
143.9382980921057,25.315412991077437,0.6647177738477045,42.87480772052814,3,Heavy Congestion
119.44567391251393,26.58217080889322,0.6447469525746521,65.6228998790217,3,Heavy Congestion
126.10231966254287,21.856543812546576,0.7029562422026049,56.80884563885162,3,Heavy Congestion
146.12386003081207,26.430606050468185,0.5970403662143581,44.09753349681542,3,Heavy Congestion
126.31908631300634,20.262385375130297,0.6852641105310749,35.0813128995239,3,Heavy Congestion
121.99379019007839,23.657015514966456,0.6425921373822017,50.28331297271271,3,Heavy Congestion
150.31709533910316,27.234496864838643,0.7138572679720706,54.571081666721554,3,Heavy Congestion
144.96661983984245,25.758667252041676,0.7030181165863637,48.81594257697231,3,Heavy Congestion
138.0888190074429,24.168893664150573,0.6432098720751516,50.42851294028062,3,Heavy Congestion
143.36413597091828,23.34206562340809,0.6501989831303934,41.02810332797114,3,Heavy Congestion
162.0318393375273,25.19654417382947,0.6411739991192029,52.65723503770762,3,Heavy Congestion
135.2481907095779,21.48374843246942,0.725955003014861,44.90632134009919,3,Heavy Congestion
137.88515583036707,25.102950050872945,0.7314165150255552,48.11541479538995,3,Heavy Congestion
124.13536200507299,26.35969251028045,0.6581754624082224,58.87444207600973,3,Heavy Congestion
144.9805168372367,19.412411255253335,0.6960814237470054,59.20088328341892,3,Heavy Congestion
172.42101302068977,29.577385721891414,0.6341107916578342,53.25399780082625,3,Heavy Congestion
132.43729500858123,25.560723498542313,0.6227171407067121,44.28793479427556,3,Heavy Congestion
133.23330746587308,27.24638820035654,0.7160323604751345,49.594481640945524,3,Heavy Congestion
121.5026673258363,24.2209014151257,0.6464247582675774,53.00933235856027,3,Heavy Congestion
165.500416439019,27.64096396507721,0.6460151261262341,32.2202892156126,3,Heavy Congestion
114.25486297253705,28.554067445205522,0.6619435277306079,43.675826198792954,3,Heavy Congestion
173.58228910579047,28.162899863720817,0.6811001924863904,46.30999819547151,3,Heavy Congestion
142.70143889705162,25.567906995968666,0.7520021276593825,50.43341236360643,3,Heavy Congestion
157.63290517488105,27.92317527267543,0.6273645799539012,52.34800450065049,3,Heavy Congestion
139.87450366888797,18.709762010568085,0.5842323706106385,42.135642557652375,3,Heavy Congestion
154.24328417751093,25.284498913350742,0.6882965018229049,59.237434460275345,3,Heavy Congestion
122.91784070143927,24.93141661454069,0.6936995985266218,43.75906684873919,3,Heavy Congestion
145.49288536444317,21.00012666478914,0.7434457797773764,44.073900177424704,3,Heavy Congestion
180.34636286714596,24.918814190206362,0.7262624104429632,47.692975474610954,3,Heavy Congestion
144.4650573186668,23.53992666694498,0.6853605768214825,49.83167247982491,3,Heavy Congestion
131.35390194487587,24.68738896035029,0.65254555102743,61.24606504098147,3,Heavy Congestion
143.43868460353784,28.8630803792414,0.671196995113654,49.49349681524107,3,Heavy Congestion
122.00826515337232,23.882318520330337,0.6894740601855162,57.13538206632883,3,Heavy Congestion
148.8625003315671,28.4593009029825,0.7088328099591314,57.37383171531659,3,Heavy Congestion
143.97266541889203,30.97555677662951,0.6581571708688645,43.58517983502143,3,Heavy Congestion
123.94508041541081,30.827561678895176,0.7168751407678055,46.07546457572943,3,Heavy Congestion
166.7329949255988,26.719230462794457,0.7684757362119016,39.08448288341811,3,Heavy Congestion
140.38273411533197,23.843696540142936,0.591184279561613,54.107484699531035,3,Heavy Congestion
140.29509992902157,26.849078012466407,0.7861897370448325,45.96531633507298,3,Heavy Congestion
137.6719381017655,25.29666042430999,0.7244261308842534,44.73573297421353,3,Heavy Congestion
134.02126820990094,27.642973175603416,0.6970387695727116,36.22236520509223,3,Heavy Congestion
123.67818268923752,28.753089659568026,0.6980867727385466,43.60975143722545,3,Heavy Congestion
142.03487196411132,25.033091682004176,0.7131080012126074,40.176402845613374,3,Heavy Congestion
130.36748498713402,25.682389387158473,0.6755074438777048,51.29390889198745,3,Heavy Congestion
123.606571285943,25.892821690678304,0.7291212628719863,50.804074831579875,3,Heavy Congestion
147.4205442718517,24.760290993585073,0.6424316981252824,47.585288107546816,3,Heavy Congestion
166.91888184011907,24.702428733499687,0.6399588204793216,45.164656768711374,3,Heavy Congestion
148.4947951726012,24.066215007047884,0.7018386477378413,51.011580061914415,3,Heavy Congestion
160.46830733904088,28.558898680662583,0.7248136425967563,42.61878299050775,3,Heavy Congestion
129.27850062957287,24.810571308850438,0.6596971089242264,41.44323805270497,3,Heavy Congestion
137.3145627813899,23.813717665952403,0.6497668517107458,46.181052559747165,3,Heavy Congestion
165.50504479553896,25.4980951031231,0.7912314084224962,48.98212715147318,3,Heavy Congestion
139.95285553349183,25.010332206637166,0.6915421390299593,50.50706279330532,3,Heavy Congestion
181.134777069947,22.88669883755608,0.7186570726179982,49.196643442257354,3,Heavy Congestion
117.66289927927126,26.926746955236908,0.7370430602361757,43.062663914242,3,Heavy Congestion
144.8445506986797,20.68661434498074,0.6233537093142049,54.036650367075374,3,Heavy Congestion
136.88435279547065,22.2279925626549,0.6903257164006293,44.990904394957305,3,Heavy Congestion
136.80770315470568,26.848315064187258,0.6277219988479544,42.785096374952644,3,Heavy Congestion
147.68099186339032,27.42352447687051,0.7357172135670433,44.16924449071705,3,Heavy Congestion
161.31035922440188,23.03964426632398,0.762179420610806,41.46947889358236,3,Heavy Congestion
168.1155313077761,23.35878473295319,0.770596090465757,51.40600739819031,3,Heavy Congestion
127.32131238829695,23.694403801143732,0.7151531542350684,54.06323184546564,3,Heavy Congestion
143.76954870399436,25.111645702408666,0.714125886468983,48.75915893958232,3,Heavy Congestion
122.49301544751226,22.967564938399548,0.690580397441825,55.00117871902671,3,Heavy Congestion
173.11809418041963,26.948823551928626,0.6929280842466364,52.31316798325906,3,Heavy Congestion
133.3985352064007,24.616922599354464,0.6429141175397236,40.80724256232358,3,Heavy Congestion
150.80375280246997,25.46378326646186,0.7109443618029057,51.145604145940496,3,Heavy Congestion
149.22201032103519,26.391541664193888,0.6780792606697637,50.37825443648103,3,Heavy Congestion
132.36508739325734,25.924264814097825,0.7100787958378705,44.14263497430411,3,Heavy Congestion
145.90187852247553,23.4409937259266,0.6563071986567749,41.52040691461159,3,Heavy Congestion
167.02448369789806,27.66421293680012,0.7041845234402302,59.35984868319637,3,Heavy Congestion
141.70712487971,32.579406037776586,0.6697611763086552,49.46991370611465,3,Heavy Congestion
138.07866429744038,25.930813900150763,0.717602671754881,47.343841576014235,3,Heavy Congestion
175.9149253398466,25.597873211583654,0.692171842374959,42.76417327960099,3,Heavy Congestion
152.2818838971767,24.664931947976587,0.6526292121798222,43.52750740906542,3,Heavy Congestion
191.4886828077663,24.341306874552412,0.614435656064843,43.97824439194038,3,Heavy Congestion
144.10271959311387,26.36666758154121,0.7049658434776391,51.89729981823279,3,Heavy Congestion
133.77943066451047,25.851101108753863,0.640577324115024,44.430856417839294,3,Heavy Congestion
129.03186384369548,22.029027863504325,0.7278894269986105,51.966403397638395,3,Heavy Congestion
161.99397743761946,25.09828266506074,0.7149563464489317,37.85497302925894,3,Heavy Congestion
160.01772281398917,25.442799575012575,0.7082199320067125,50.18893420252001,3,Heavy Congestion
127.82524031105817,21.254900561522383,0.6479575625217667,51.25392354013197,3,Heavy Congestion
157.0075906240519,21.580144306545343,0.6358505284639304,43.83416244898076,3,Heavy Congestion
138.7828919513574,21.59487292286837,0.6160076705236941,43.26622869269249,3,Heavy Congestion
146.5008167503151,22.048514150616274,0.6747888420512705,54.097264220976854,3,Heavy Congestion
122.34903256900492,24.48388560397365,0.7261140530187848,45.590774071504455,3,Heavy Congestion
135.01814737906352,27.908739535766184,0.6662209064462804,54.36189134518407,3,Heavy Congestion
152.46399780561325,24.14288836772541,0.7015860738768889,49.84578919975318,3,Heavy Congestion
162.76336108544305,23.629136155337452,0.681854273005173,47.64566968547729,3,Heavy Congestion
157.25217766453227,22.43705201388956,0.7257639671707036,50.6860537277016,3,Heavy Congestion
122.08550371878674,28.02065706370125,0.780534188635898,53.77056366460459,3,Heavy Congestion
169.82953494974055,25.213428454006472,0.6052322786117671,37.377866201275054,3,Heavy Congestion
149.438427563299,23.52005298067505,0.6388440674752692,47.63857910034043,3,Heavy Congestion
155.7111840087864,21.36810613309463,0.6598005070873827,56.69685513477302,3,Heavy Congestion
126.28998218414809,27.174402967912393,0.6581871157302953,51.14377205673573,3,Heavy Congestion
164.0934986253299,26.853204417462553,0.7209121820996245,41.36682124757017,3,Heavy Congestion
164.3776788972986,22.86826721341295,0.6916793794507192,49.487498037104025,3,Heavy Congestion
153.4411325243307,25.842391690150475,0.6420285509663876,40.22476370517668,3,Heavy Congestion
160.17886703133476,25.464586443797288,0.7317219578431018,47.74233829907788,3,Heavy Congestion
120.55014012422089,27.415324202510266,0.6633333225652502,49.96993991474508,3,Heavy Congestion
133.73420594445636,29.110754275584227,0.6405545829117562,46.05640461634843,3,Heavy Congestion
146.8696074269333,22.269544182282605,0.6948733787864418,57.284604350212746,3,Heavy Congestion
136.46595840392945,25.987857047579315,0.5562754076282651,47.775767805207316,3,Heavy Congestion
139.55306422488403,22.95375599397404,0.7286652711332839,46.12083639384675,3,Heavy Congestion
141.91189172457157,24.057017813027322,0.5937432857705716,41.479758105156705,3,Heavy Congestion
161.72302665849176,19.72512338280007,0.6455158092672934,45.69761247577096,3,Heavy Congestion
175.33902049087322,26.92150941374092,0.6549273262826105,55.513998895385576,3,Heavy Congestion
132.11502472328053,27.522749509335014,0.6188505239334643,54.18196511110555,3,Heavy Congestion
137.93327456880485,22.428739397646826,0.670228537411566,49.597502475188435,3,Heavy Congestion
136.3913773088526,26.38488376498831,0.653765275235117,51.57334498904462,3,Heavy Congestion
152.69466387943683,24.847692363230163,0.6601377959435323,48.872874983607936,3,Heavy Congestion
154.57441512878637,30.154497881829023,0.7222739189809182,53.621702110939246,3,Heavy Congestion
198.74011219056894,26.28989619191961,0.7018089580090267,52.055126828092725,3,Heavy Congestion
127.44399198996439,23.89024590895311,0.6572223829988451,51.73025650878468,3,Heavy Congestion
141.96936261735115,25.345558563685756,0.7289354579066809,52.97174825493584,3,Heavy Congestion
142.1860545470823,23.325012257804445,0.7310873629243936,52.457613202040825,3,Heavy Congestion
117.05113136166035,24.2171151527293,0.6874481957907543,52.48605917061714,3,Heavy Congestion
160.83576601195202,25.709765002938685,0.7063361389111485,48.369427981698166,3,Heavy Congestion
133.27498062565826,24.346839022396864,0.6808546033988049,47.80024751989292,3,Heavy Congestion
112.19103146268361,24.00629166267642,0.6825292543890119,46.37930884662316,3,Heavy Congestion
140.7052659580984,26.21997842701147,0.6314469265828115,38.622476847641025,3,Heavy Congestion
138.94184563944185,26.910286013754472,0.7559398867768987,52.5050586571857,3,Heavy Congestion
119.45221057828206,24.419081901558073,0.6915485471486689,49.02292483347989,3,Heavy Congestion
154.383899221206,22.707377633848097,0.6829224389397834,50.421059499510505,3,Heavy Congestion
159.3666745874837,22.98570458346802,0.6644679409740697,32.42601016277756,3,Heavy Congestion
134.18656176414675,23.68896276757239,0.6341186971324652,48.95392598534007,3,Heavy Congestion
144.02654948241232,19.351965306055973,0.6896978586185791,42.6528530066552,3,Heavy Congestion
153.45098788991496,21.795371880678335,0.6813502942338924,46.36897922561373,3,Heavy Congestion
150.27397279813576,25.31174319412837,0.6685176121240346,39.151071471105155,3,Heavy Congestion
119.29658143577805,23.540282652269454,0.6796274052231687,44.49649182413309,3,Heavy Congestion
155.8786875920827,24.30194770197079,0.6365744273849221,46.39816535238964,3,Heavy Congestion
148.929961151908,25.81221179706146,0.7645270609396908,44.147082201580304,3,Heavy Congestion
143.72147128832702,26.065309867048565,0.6789459668359633,45.11643947910536,3,Heavy Congestion
118.04292513161016,23.722913602367463,0.631683391427699,38.05474551672704,3,Heavy Congestion
131.1551881549318,22.382270698083865,0.7062703945381827,51.46228898350633,3,Heavy Congestion
129.27250036129277,24.349428423592197,0.596379080204936,45.15260188694768,3,Heavy Congestion
151.9422850722208,27.062344724035256,0.6479128813238909,54.058683996638514,3,Heavy Congestion
118.6269605656656,21.88093050214052,0.7119347839537045,57.625658276524305,3,Heavy Congestion
153.5857165943963,24.899144033664967,0.5812167314065007,36.35070495718956,3,Heavy Congestion
147.25172594198813,24.104843326072064,0.6302374168031547,48.377467665581094,3,Heavy Congestion
147.0032857946359,27.36103967135068,0.6861471027355716,55.075551561606055,3,Heavy Congestion
145.13909611414934,24.71166251298166,0.7278940483811233,42.364180530961335,3,Heavy Congestion
193.9713856868312,25.93814369541684,0.6971373163776954,51.02455281008216,3,Heavy Congestion
177.66217467077058,26.981268529181516,0.6077724809448235,56.08398941626082,3,Heavy Congestion
139.0683995176567,25.26788768209831,0.6224335712521131,51.03092362439364,3,Heavy Congestion
133.6660873528246,25.250424094983686,0.6672155447587648,59.088073737998506,3,Heavy Congestion
179.49132922253327,25.116282925536854,0.6828789970115985,45.84896851382679,3,Heavy Congestion
164.24450947214848,24.17770032416656,0.6610398226409436,53.636694894710196,3,Heavy Congestion
135.6335957414903,24.905612413878675,0.6088410148320054,52.05613638790944,3,Heavy Congestion
178.77108474176453,26.80306343199948,0.7457809625396288,43.12645169561858,3,Heavy Congestion
149.11204250729068,22.642100189076526,0.6697505504488396,52.44793810955043,3,Heavy Congestion
146.7716786679974,21.468397443496947,0.6208236902508012,40.044495754613145,3,Heavy Congestion
153.55127506494887,30.15973633914167,0.7413106209800097,37.07912525291867,3,Heavy Congestion
169.72672132241425,27.341001042536618,0.6104615024512059,46.253558687747535,3,Heavy Congestion
164.0620899600271,26.376083777336962,0.6210907226425407,51.51787481738608,3,Heavy Congestion
107.80748962819777,24.44294456060697,0.7312080546230022,48.1059506816908,3,Heavy Congestion
136.31848663066214,27.223365634430873,0.7238638316788962,55.54582863091363,3,Heavy Congestion
160.21355825496713,27.703436984842867,0.7129808850846892,49.52944501891088,3,Heavy Congestion
146.55745659589036,24.406850702256495,0.6254434268123124,42.4974057091979,3,Heavy Congestion
140.09294801432736,25.60363039900607,0.7448365669101918,47.75924796743705,3,Heavy Congestion
162.46048746127136,27.698289141080302,0.6695848941040045,51.425415617492256,3,Heavy Congestion
140.7626120739874,28.305339735196192,0.708612950221967,41.142813572995074,3,Heavy Congestion
147.81052894747694,29.1202804045597,0.6718446034453985,50.57883857334759,3,Heavy Congestion
154.49829177666112,22.408442752088497,0.7029818577146082,39.971509524280556,3,Heavy Congestion
134.1141405486157,27.68930741873548,0.6960540330638761,46.246207827380005,3,Heavy Congestion
152.76842176966625,24.849769380612173,0.6805660326058326,51.78327471390799,3,Heavy Congestion
132.3438013125311,25.100841013886726,0.6659479312427007,38.86692456230253,3,Heavy Congestion
128.9840698412622,28.92051611765958,0.6973125491563356,40.376131383928,3,Heavy Congestion
118.19783386023767,24.71959024972354,0.7502533939929418,46.92427314352693,3,Heavy Congestion
167.74179222922987,25.879826927046643,0.7012062706030653,40.30624986640568,3,Heavy Congestion
161.3128988384458,24.16266990681598,0.718839160412491,43.31038090375999,3,Heavy Congestion
148.08065864667248,25.880007384844077,0.6730685007540861,50.33018031217626,3,Heavy Congestion
140.36469089165035,23.3773506173968,0.7522467522257285,54.04196851024191,3,Heavy Congestion
131.7609534361617,26.421110763986533,0.6465794515384482,41.17621645250502,3,Heavy Congestion
162.98828428034219,20.739750935881485,0.7217085161109444,46.54431947957918,3,Heavy Congestion
141.3190891063988,26.024378049058225,0.7061539465397414,43.24026330146549,3,Heavy Congestion
157.4884255922511,25.28342634506306,0.6234775343209383,47.021522974580705,3,Heavy Congestion
169.0342548707253,29.19148699561424,0.7122806805923905,41.14362150815019,3,Heavy Congestion
153.53656010273247,27.127152259647982,0.7126568592493425,52.521336702842405,3,Heavy Congestion
151.32077757890704,24.81896915292364,0.6526234626843193,37.06789141343138,3,Heavy Congestion
150.9097667408123,25.465132109130472,0.7050909129271168,40.29574832663293,3,Heavy Congestion
156.22329039408206,30.136362736551945,0.683530255885006,47.64480776137032,3,Heavy Congestion
150.3766409958912,30.080842561775846,0.633935850723505,49.17047193634889,3,Heavy Congestion
131.085960852021,23.63248819788751,0.6777684361453128,55.7605818716941,3,Heavy Congestion
176.337236451984,26.120355361566766,0.6630532374639432,62.358175871837865,3,Heavy Congestion
137.56055202486635,23.572160214100656,0.6001275629939573,56.04148743884972,3,Heavy Congestion
234.39978892775662,14.901366643339735,0.8174714491501843,96.34840074559443,1,Severe Congestion
211.76741506282642,12.967320260160164,0.8058500286502988,96.44592513502653,1,Severe Congestion
229.82022213356214,11.95330795825654,0.9090300709447505,74.46752623774427,1,Severe Congestion
195.3981098433412,11.443866463649524,0.7966272462239374,90.47970358296114,1,Severe Congestion
240.02815907740066,11.15838702028339,0.8956691357175168,79.38708172964832,1,Severe Congestion
218.27250384444196,11.246907310546765,0.8402458679760564,92.35241687847363,1,Severe Congestion
208.3904612548628,14.426530741024171,0.8820839484157363,72.88739208295115,1,Severe Congestion
240.91891008618566,12.756960196975223,0.912709278866339,93.71551068006032,1,Severe Congestion
193.54953339508597,11.847296029217654,0.8722847575830494,69.29905407675031,1,Severe Congestion
203.35752821601227,13.60365534945219,0.8906802146707231,68.75475653400532,1,Severe Congestion
170.79284682604364,13.997731270497926,0.8759356445385191,75.62948357589609,1,Severe Congestion
203.09540752459552,10.227230694819202,0.9440392817280229,78.13235909415347,1,Severe Congestion
244.45851849900822,12.061982057336778,0.9443289388555798,84.52587387058396,1,Severe Congestion
231.5014631043007,12.862911655306004,0.9080480979813387,85.42367525547787,1,Severe Congestion
204.13216195388725,14.298521629887432,0.8391878356706844,82.04238720065669,1,Severe Congestion
210.3751240552314,12.482928904012226,0.8606737309347474,85.09710364700155,1,Severe Congestion
205.74516685288526,10.101656979074521,0.8804298528815581,71.1704371229833,1,Severe Congestion
166.2934787862877,12.164247984827261,0.9019547503908805,87.18270873430903,1,Severe Congestion
224.29270181689628,9.680893174871267,0.8187542382441639,101.41945093824651,1,Severe Congestion
183.6103392460587,12.733009237364026,0.849087807025037,82.78397975439283,1,Severe Congestion
194.04199410270542,12.673849385543575,0.8861548352792514,77.58882862734075,1,Severe Congestion
183.5356625840461,12.321329036991013,0.8254276540430835,86.20641345446904,1,Severe Congestion
276.1874197077299,13.620204061514414,0.9123256549102373,81.15762419022711,1,Severe Congestion
161.14343379951117,10.413256324919779,0.9377256785246221,74.22880017157216,1,Severe Congestion
192.378847126266,11.801219429179174,0.832207918351905,69.9285956520119,1,Severe Congestion
208.72805336590818,10.930164654393556,0.8466541639099497,74.31308030271346,1,Severe Congestion
223.16347738862862,11.72144917140557,0.8719642614447766,87.8739476295194,1,Severe Congestion
206.42060187252991,11.666095477851393,0.9011702660006576,88.57506678060709,1,Severe Congestion
206.29374781238317,12.096729330744626,0.8448194396620002,73.53087885526107,1,Severe Congestion
229.38251704956355,12.533930475053547,0.9004884297287459,84.76360679145914,1,Severe Congestion
211.16432255053684,12.835694268987323,0.9220798942460253,90.96648357107597,1,Severe Congestion
207.46039651816113,13.664391275890607,0.8902807306779544,88.22258173484745,1,Severe Congestion
217.10861484903896,12.296408048981009,0.8468911604387356,88.90129224931309,1,Severe Congestion
281.7014187516725,11.5502459102519,0.8831947621941226,77.60934019882293,1,Severe Congestion
197.70189848063924,13.853339373742408,0.8497163042022641,77.33504814207501,1,Severe Congestion
169.9951808419712,11.090865930549302,0.8031220048170994,88.21695824024538,1,Severe Congestion
280.5523699903002,11.559985447619374,0.8049958930154393,90.85599669798857,1,Severe Congestion
191.68149103496006,13.559216316664248,0.8673086928494524,75.78293361942544,1,Severe Congestion
205.5154695952087,12.909332113123424,0.8697660716159955,77.11222892450994,1,Severe Congestion
204.98944360493243,10.473773778598938,0.8978664221032291,64.41861031656609,1,Severe Congestion
198.808139349989,12.911262250596891,0.8936371727319723,87.80875443818609,1,Severe Congestion
208.360849047486,13.40369541718262,0.9216114638546407,86.39002748179712,1,Severe Congestion
233.37415358830128,12.900508265284293,0.8602241418993899,68.77603470895728,1,Severe Congestion
220.5931255712341,12.655307076997715,0.9290712396012355,72.78659865355431,1,Severe Congestion
187.1579373062155,12.551880319569324,0.8767974855016111,63.4441057519801,1,Severe Congestion
219.4527257266056,9.777092502013254,0.8374634551656981,95.30054470894345,1,Severe Congestion
255.9869512487393,10.541212357833645,0.8651773808164288,82.41940562709446,1,Severe Congestion
254.88691857505552,11.408557262610717,0.8585402189635025,97.23945949527456,1,Severe Congestion
200.5553133514999,12.866642050759749,0.8135285665699408,80.3150697981315,1,Severe Congestion
168.1781596741746,10.733479462853154,0.9177640609818518,81.50893095170674,1,Severe Congestion
201.95853533806505,11.101500451222899,0.8700704767041423,84.96295356427082,1,Severe Congestion
234.7694884028364,8.849823979083837,0.8425707471581736,83.56550702313982,1,Severe Congestion
207.5086494777504,12.48405149103207,0.8920393128756949,79.00010022814487,1,Severe Congestion
196.72329946112313,11.705398212317398,0.9316934057420234,74.79704194020778,1,Severe Congestion
208.41727057677232,12.220010656798106,0.9502157918443506,79.04496673895468,1,Severe Congestion
234.16192773147623,13.478375283918027,0.8771310580754208,79.92652524588466,1,Severe Congestion
201.70784746438494,11.693012238908901,0.9184407937259574,84.27313817619425,1,Severe Congestion
215.9293006710807,10.649731787544198,0.8364629465181145,103.09151675580549,1,Severe Congestion
205.518791722725,11.070273605305967,0.9443994624515184,84.77299611904616,1,Severe Congestion
224.56950390498594,11.83434350966216,0.8656597109240438,80.33127009462666,1,Severe Congestion
175.15499810847462,11.894487108696122,0.8933214884669178,100.20855822102254,1,Severe Congestion
212.16717643813143,9.198987549347633,0.875770655524692,108.95672066978572,1,Severe Congestion
231.832429121623,11.026933267429694,0.906599793149375,74.69858789908496,1,Severe Congestion
175.8840505074192,11.581956764119113,0.8841186897657488,63.57798985605538,1,Severe Congestion
181.04118587842638,12.012402675818826,0.861632207080497,85.88494290807753,1,Severe Congestion
179.39035815182424,12.856936498263961,0.8267308406322912,98.16450553106628,1,Severe Congestion
166.76289123366644,10.688934875539905,0.8987816861364323,98.37605519473675,1,Severe Congestion
217.93908451012751,12.675429504218869,0.8807891605752877,71.9002392115065,1,Severe Congestion
197.64851362436764,10.545708336022468,0.8224580514500408,85.95320936610631,1,Severe Congestion
181.69591485138335,12.383464808068034,0.8214179761500506,84.91640891794887,1,Severe Congestion
197.68519926213335,13.687938640380773,0.8945673503010579,94.16010366706234,1,Severe Congestion
190.95770274608515,12.067372008293,0.8358510778847674,77.93012441139493,1,Severe Congestion
203.39497358683533,11.128970135175432,0.8253023713519437,68.0909895352579,1,Severe Congestion
151.03834748417358,10.73238424379585,0.908237225350233,66.2707744449893,1,Severe Congestion
175.52330427441672,14.149078285479499,0.8513576777568286,85.15909273018198,1,Severe Congestion
226.18639209181248,12.795031355737537,0.8114958596226374,79.72637274978902,1,Severe Congestion
169.22067280813653,14.935581430692388,0.808230613119298,71.68925224632098,1,Severe Congestion
183.77685845799408,10.204007427932543,0.9408667259390445,105.8368873466616,1,Severe Congestion
198.01112219332205,10.415492223786707,0.7793383525573291,79.59797020974253,1,Severe Congestion
202.02759133633162,11.218444648367827,0.8899618864289303,85.88850372530439,1,Severe Congestion
218.1416981000351,11.620650153637815,0.8304270176691582,88.55179768241808,1,Severe Congestion
210.31534673742257,13.06602902980158,0.9155533997262504,68.00986124057638,1,Severe Congestion
173.8576003720684,11.093351137511366,0.8324680566269199,89.43167747560483,1,Severe Congestion
218.85300383489553,13.319020792542373,0.8978419067834913,84.05311188563395,1,Severe Congestion
240.2331904646731,12.563672807682059,0.8830645433546973,96.56765785387795,1,Severe Congestion
212.90255825545032,11.634791274098493,0.8422979533550058,88.91777051700684,1,Severe Congestion
241.17367365443022,11.939295118279883,0.9388562030700928,62.6150520853997,1,Severe Congestion
208.60257495484055,11.951886105474676,0.8472852532416694,105.45719261374163,1,Severe Congestion
208.33194565624322,11.51072307407468,0.8811682951045078,62.292312812905834,1,Severe Congestion
190.85132828130816,13.179887963334485,0.8516974590280252,73.84386839804533,1,Severe Congestion
243.00004604016289,13.608305281142195,0.9032645712472513,77.52164543305952,1,Severe Congestion
203.96532915906866,11.035020046110048,0.835235209643711,71.72294175504503,1,Severe Congestion
194.42502894901278,10.758334811178306,0.8096332696655583,84.15892227037843,1,Severe Congestion
215.91180863851463,14.04095131011398,0.8499247734240384,84.91362980189298,1,Severe Congestion
217.88035699772502,11.69539492664936,0.9134950114937355,89.62825519861103,1,Severe Congestion
218.250759598978,11.693232353942646,0.863911145115046,68.54130163583693,1,Severe Congestion
189.69087197883417,11.253590971317974,0.8294212706906755,86.32885183220661,1,Severe Congestion
240.15502229847266,10.91032508120502,0.8927548646085087,71.82434638702765,1,Severe Congestion
202.31596129233313,11.17160450498667,0.9070853041872898,75.32072436939296,1,Severe Congestion
235.4938424254075,11.705135071605362,0.8507678330682327,69.6674762185236,1,Severe Congestion
216.3807536594428,13.074262082671417,0.8922994565441593,104.03010359751794,1,Severe Congestion
246.03064380225453,11.630966682339581,0.8656887654786819,86.62181571973588,1,Severe Congestion
188.88191665327273,13.399545967838984,0.8962720234829613,84.52355568284796,1,Severe Congestion
227.31123242782456,14.067395860042872,0.8876929908484378,80.88768275062557,1,Severe Congestion
248.01973450772897,13.161060499189363,0.8655559071827325,82.05103465480475,1,Severe Congestion
214.92359908165773,12.434175533525979,0.8189530067077399,66.82195145923265,1,Severe Congestion
187.63777144553816,10.84231386838639,0.8510279193712373,88.24555271816564,1,Severe Congestion
205.7429852606166,12.235673526012226,0.8249063465480982,77.4574407232579,1,Severe Congestion
224.79889307596997,12.713942949812163,0.8473941777315441,83.59075788197481,1,Severe Congestion
265.41096590775476,11.978882484893234,0.8488065874235899,80.29017808867634,1,Severe Congestion
212.3228631096762,11.81859794317134,0.8785890384695574,67.7964835181415,1,Severe Congestion
185.74171202783404,11.820797715514203,0.8725629413489904,76.4286975353776,1,Severe Congestion
205.53925763087378,12.073217826497046,0.9200236055436036,81.02375652537566,1,Severe Congestion
220.05740077351598,11.350079638279295,0.9057443075619317,85.69718612850559,1,Severe Congestion
231.81858848013144,12.856152554933386,0.9064931030296516,81.03157269880744,1,Severe Congestion
216.17246852152059,13.276210714141833,0.8506566443768743,75.81646745762285,1,Severe Congestion
214.57207122834913,12.498335628318545,0.8429152075331198,81.26433637601305,1,Severe Congestion
207.63123088943462,9.341663861275835,0.8701182704833558,80.45199252477109,1,Severe Congestion
205.96061784085992,13.699097129492722,0.8252890765671006,73.88571389934661,1,Severe Congestion
144.1726658823528,11.422900000591031,0.8621960400643299,76.98182458487092,1,Severe Congestion
237.91346895499075,13.032741026804356,0.8835035525920287,78.35316755316775,1,Severe Congestion
235.85997963629296,11.976290568196978,0.8431778482486694,65.112113013552,1,Severe Congestion
198.8788747538288,12.905572340607131,0.9824442410294391,82.60624580650445,1,Severe Congestion
190.71304101896834,10.578041750058944,0.9048379703337519,64.6361780445388,1,Severe Congestion
223.86869655540318,12.981253927515494,0.8996325753954789,79.83852914812459,1,Severe Congestion
224.23650446937972,12.20512604535396,0.8449844271162734,100.20805725217025,1,Severe Congestion
201.137679633815,12.930902760539892,0.7711623572786929,94.56047348656435,1,Severe Congestion
247.01284636529545,12.035800544551966,0.9051446965631992,87.49578938701842,1,Severe Congestion
193.80185404505374,12.656546766527208,0.843611628855735,76.00983187133,1,Severe Congestion
238.39896720894993,13.169589228840243,0.8482131024047893,74.78160877994976,1,Severe Congestion
193.73096561806665,12.879167479758589,0.8350006848635322,85.51005236811378,1,Severe Congestion
228.82053962798423,11.89410545964828,0.9254528663589218,79.00558793222044,1,Severe Congestion
204.61083885495336,10.827304522641771,0.9257729806429092,74.45743880172792,1,Severe Congestion
218.8142498064195,11.914420719448879,0.8326247621599752,76.00642506477853,1,Severe Congestion
244.84838042382648,12.241989051161376,0.8345882346384921,85.00443034751113,1,Severe Congestion
206.31792640381747,16.14485568269302,0.8928305728604022,78.25465150486697,1,Severe Congestion
245.784703528235,9.790756599248585,0.8842444070371493,101.62517638766175,1,Severe Congestion
207.07177803413418,9.920038746422305,0.8621836916015231,96.31245752303693,1,Severe Congestion
219.47695382728344,10.993372668584978,0.8491640736769439,76.49254933188584,1,Severe Congestion
219.1021866781607,13.605835359526385,0.9273590355759627,86.48715987195382,1,Severe Congestion
176.44255204655144,10.40648098320787,0.9039963409546193,68.76056439634031,1,Severe Congestion
204.31571106907117,12.364980535423413,0.828808270208679,71.92125862990878,1,Severe Congestion
207.62814917289097,12.604380345028865,0.927768344668619,87.97340579814222,1,Severe Congestion
211.8561461938033,11.10456629573154,0.8318091851869966,76.97296945084119,1,Severe Congestion
220.3303767415103,12.40394844795281,0.7855044106423695,74.26893804184778,1,Severe Congestion
240.35359030047513,12.095058057364968,0.8162345989103656,105.18128042692581,1,Severe Congestion
209.27066834566793,12.46120075117609,0.897978614022031,78.38286061298376,1,Severe Congestion
191.66514321810087,14.546009982079129,0.9251442641327988,90.08786205890938,1,Severe Congestion
224.5224876312989,10.796019131565979,0.9374888586283123,73.7035746451644,1,Severe Congestion
217.13882731339626,10.032732113442517,0.7881613517208617,85.13198543410665,1,Severe Congestion
189.61069846668832,9.612998914443272,0.9043274276326184,102.86159478713977,1,Severe Congestion
245.01691851621754,11.691218537681193,0.8803980388013626,90.73502956675371,1,Severe Congestion
238.27762609983967,11.587757137409161,0.8815379972076058,84.95804969856304,1,Severe Congestion
223.95768327102655,11.84030826958648,0.8745961639719065,95.57755012478319,1,Severe Congestion
240.47992170156073,12.572892688123305,0.9573599081510318,78.19737369969205,1,Severe Congestion
250.8989309054604,12.651018532242661,0.99,70.26597784046042,1,Severe Congestion
192.628499644123,12.502557393840657,0.8978755323840546,101.18936760428218,1,Severe Congestion
193.15695798085176,13.085902222432662,0.9323108352106898,88.93373466905118,1,Severe Congestion
185.78289218350713,13.689310566305037,0.9353196219091936,87.89991167473731,1,Severe Congestion
215.14956171766565,12.271329612053245,0.876456889349228,88.30532572104599,1,Severe Congestion
210.78459829421342,10.98177002957683,0.8328133759827584,74.59996326406144,1,Severe Congestion
215.59773251224618,11.967652996277751,0.8896904706979937,86.92800123409373,1,Severe Congestion
194.19151266689465,13.758792202014417,0.8679530127828636,77.73507846974995,1,Severe Congestion
222.1561331807778,9.796187757149912,0.8444259497624687,91.65375633912764,1,Severe Congestion
166.2169673876348,13.341089036319786,0.9480011454861611,78.36455947581432,1,Severe Congestion
217.353681739143,13.342904501821232,0.8589944865380417,90.53891112197762,1,Severe Congestion
193.0870503627071,11.426877248000185,0.8440298591053762,85.37164844007687,1,Severe Congestion
239.18082012465186,11.779064481459402,0.8227937878039419,71.34616486869774,1,Severe Congestion
219.9439054185376,14.212939696073123,0.8977176249691479,78.19293794159168,1,Severe Congestion
229.30783596462715,11.712601637295904,0.8629771652186107,72.5687623999586,1,Severe Congestion
245.49291087500816,8.952950499005203,0.9159036640125671,77.43674981207224,1,Severe Congestion
199.65941356741936,14.030778187341376,0.8478641008509977,75.30811952436045,1,Severe Congestion
206.71406517922784,12.496616862974687,0.8601164897968209,66.51322812352689,1,Severe Congestion
188.18440584177952,13.537600627757424,0.8833649555110981,86.43869887164561,1,Severe Congestion
203.41218557923946,11.208602764592076,0.9554906252443935,80.14819212661736,1,Severe Congestion
198.8270790359164,13.315370839626407,0.8474937838509676,76.14788293726387,1,Severe Congestion
210.25821643722583,12.000324124905816,0.8916825106556446,102.5820238396516,1,Severe Congestion
218.47345580807973,9.146335244699038,0.8946834524544203,82.37273914577766,1,Severe Congestion
211.09494061365675,12.295136771275406,0.878709477054634,81.48229700433497,1,Severe Congestion
225.44871408622382,11.3495030433666,0.8373541148962371,111.75400949380433,1,Severe Congestion
191.96039241671292,12.120171494952091,0.8126952887106085,83.14604920410599,1,Severe Congestion
186.48271612262874,11.469032468579988,0.9270279099597005,86.64457415284025,1,Severe Congestion
224.32392001928545,9.874554193929765,0.9626602826423056,70.27188790033195,1,Severe Congestion
248.5197325202054,13.225852639177784,0.9059799733803106,73.58694975586153,1,Severe Congestion
213.820064089452,11.434894307226168,0.8813067807177382,79.54125697059808,1,Severe Congestion
158.6270152343753,13.346140981181506,0.8763501779552787,77.22956406889799,1,Severe Congestion
195.87975373268986,12.430151491640121,0.8397809647767488,59.809072504615415,1,Severe Congestion
220.25967104084856,12.622923597548187,0.8710165678895065,70.70463570813031,1,Severe Congestion
212.24117563041,10.242561158023694,0.8337746231490554,74.61313230479905,1,Severe Congestion
231.2672645864672,11.5648668594757,0.8598460114700592,101.23417435164666,1,Severe Congestion
218.8820549291556,12.406793412569792,0.8633634664656051,76.13170279045411,1,Severe Congestion
154.9025577115678,13.16248863830827,0.9001739367590371,80.23700662678002,1,Severe Congestion
206.54188711372635,12.883373114713267,0.8100380467114066,76.19556769751055,1,Severe Congestion
181.36516785510824,14.125811138984096,0.9194044989333985,60.32550441122802,1,Severe Congestion
171.85320700867263,11.841185191971016,0.8587401904567409,68.96807907252342,1,Severe Congestion
259.00800838879235,12.375047896779096,0.9013667345288391,75.19057289955502,1,Severe Congestion
228.20130850888566,11.543480686821585,0.8672495571831625,88.01225928468055,1,Severe Congestion
168.94926136048045,13.91643343182118,0.8882075146625744,94.60449101439937,1,Severe Congestion
182.89942213320577,10.892201851166169,0.8277144900280085,84.46292909902202,1,Severe Congestion
211.6627792083398,11.442705816922583,0.8343668863201624,69.53669270584851,1,Severe Congestion
208.77820570813947,11.44129586449368,0.8491476853438782,97.22336054353504,1,Severe Congestion
207.9253929095431,13.52405152071231,0.8560036517792786,84.40859863257879,1,Severe Congestion
208.60200439034037,9.962853228578252,0.9442752237818761,80.67008850680102,1,Severe Congestion
228.8097391347506,11.09756553304613,0.8725820028289106,73.4701727783542,1,Severe Congestion
241.14716176563752,12.373691216940811,0.89651740870064,95.36453200751299,1,Severe Congestion
239.13980068185538,12.918411043363543,0.8160222693833141,75.15451746395583,1,Severe Congestion
184.7020189725139,12.87304043235096,0.8876793373787523,68.31735765307495,1,Severe Congestion
205.24364583211707,10.207065197137466,0.8776079580368608,65.7111345607661,1,Severe Congestion
223.32645283329225,12.453555151240888,0.9658576822006096,90.34307316865385,1,Severe Congestion
199.34256075327292,12.981684111929383,0.8171051253574669,72.52926957977812,1,Severe Congestion
218.39519180829276,9.410100404702487,0.8783277646779752,71.96060920555475,1,Severe Congestion
212.55293778986226,10.706716370343283,0.8990911661854835,82.19018184888711,1,Severe Congestion
245.28922110540952,12.008081440921947,0.845411073776734,79.57064317865954,1,Severe Congestion
176.12524279517837,12.487364705646527,0.9065432610841873,106.29688900105732,1,Severe Congestion
194.329733036769,11.67864651158978,0.8540908664002803,84.08719881913125,1,Severe Congestion
219.61860146888625,11.935950186685787,0.9288846662592865,75.92892168305299,1,Severe Congestion
234.85158600684593,12.6461974243693,0.8794586536045474,78.9010234549497,1,Severe Congestion
271.1520275200305,11.019589619109505,0.8934069929635786,74.61784434881741,1,Severe Congestion
254.99764286525692,13.064191594559045,0.8494742554521485,87.04393473536328,1,Severe Congestion
216.4939321761692,11.380050285630313,0.9141173897752678,85.8307650484674,1,Severe Congestion
215.435607589926,11.949696346509205,0.8993974521669843,84.2571745890858,1,Severe Congestion
211.48915199223043,11.230780900814924,0.9562194808343122,71.6638677574503,1,Severe Congestion
220.77643271576957,11.61571110923828,0.9591796271252185,73.1097318337174,1,Severe Congestion
191.47136580363963,10.83621832408581,0.8945559272927774,68.48918150984457,1,Severe Congestion
197.94108193210428,9.417161012574859,0.8908189609357641,77.07788578983838,1,Severe Congestion
172.5009700529173,13.302731283568871,0.8211549895726777,89.84192590987765,1,Severe Congestion
192.33377123550733,13.921885653474511,0.9137297742516766,72.08080895059956,1,Severe Congestion
186.8895196843003,12.726630246269172,0.8681929841180425,80.33366973090976,1,Severe Congestion
242.06041931665686,11.101573351956052,0.8841082197478954,91.39353748953869,1,Severe Congestion
230.38976070731712,11.808464798975193,0.8669992353616304,64.89005584879403,1,Severe Congestion
183.38262618483708,12.38203107188968,0.8737953014975994,82.73728245309167,1,Severe Congestion
236.18919096277833,10.57521226912527,0.8693718863995308,83.85691587996638,1,Severe Congestion
192.2551695731222,13.7177725367129,0.9208864060725916,84.85491193855336,1,Severe Congestion
255.21464083908037,10.201325664467829,0.8796523173502443,85.60475577431116,1,Severe Congestion
186.95321282079317,12.360857450181275,0.8302037877795455,88.79508401181864,1,Severe Congestion
236.65743615684846,12.326800081353994,0.7966240983220775,72.48675175172622,1,Severe Congestion
224.23069208097166,12.02543837221484,0.758769882203838,94.22945097726348,1,Severe Congestion
213.44374395759658,11.017110403199945,0.9247730018904999,75.33300627299612,1,Severe Congestion
192.65100663637378,12.430023181216843,0.9601467306659033,97.9760978312532,1,Severe Congestion
219.0647297723835,12.554862790620383,0.9156174519438172,69.63128063436561,1,Severe Congestion
226.23253809622997,11.119111838227766,0.8943315130058461,79.76171854434381,1,Severe Congestion
222.6304498432782,12.141724158007753,0.7417136378130416,83.76029444317898,1,Severe Congestion
226.18225439794142,12.535114018006144,0.8753836324206139,98.15887104859519,1,Severe Congestion
217.84660285386585,12.525207960231727,0.9270021352322756,85.56791511701454,1,Severe Congestion
187.36995261396208,9.073995103464453,0.8585295594091863,89.48770397467018,1,Severe Congestion
201.10197244827128,12.961414046738076,0.8866927679164123,94.6745701313799,1,Severe Congestion
202.56053898055933,12.561137791881226,0.9027648279040912,96.77576242669093,1,Severe Congestion
166.9927398803762,11.44991007053621,0.9181832247424827,97.2116213610219,1,Severe Congestion
216.04980211858043,11.648755002694216,0.91407032659035,90.54803432427975,1,Severe Congestion
200.93652569758385,12.396368774613055,0.9331237268085386,100.6021164938206,1,Severe Congestion
228.71364497272936,12.052966675998713,0.8775666170782941,87.48478212278525,1,Severe Congestion
207.08504436951785,12.227568598826865,0.8323955680961106,94.763042813473,1,Severe Congestion
181.2673448758533,11.481465887456384,0.8843916967383316,101.59131089810421,1,Severe Congestion
199.34838878172135,11.200781023247524,0.8552132387199793,98.32354812929532,1,Severe Congestion
139.12885576364826,10.796714385421696,0.99,87.8142796031577,1,Severe Congestion
182.12917927665166,11.949698421390273,0.8830354554730537,90.32587241971116,1,Severe Congestion
256.3554504711286,12.466262017535058,0.8557095263644168,89.74491091024633,1,Severe Congestion
192.4040320390559,10.759995004813165,0.80080410076196,66.59913659811606,1,Severe Congestion
187.40958206566836,10.586652278758955,0.8940956437318622,70.19788603389149,1,Severe Congestion
130.77960918897645,10.74730587049264,0.8587663158525362,76.04237703933985,1,Severe Congestion
248.29202191859144,11.263748928853019,0.9196415558439639,81.81321121914031,1,Severe Congestion
208.9339209130505,10.997543653382355,0.8773547806788655,74.47145411132942,1,Severe Congestion
214.28461271921518,11.716500440851574,0.837491743006378,91.76024030265386,1,Severe Congestion
220.7563800965399,11.462324719029302,0.886547187116589,81.17518638842068,1,Severe Congestion
188.1367083809655,12.084595474825397,0.8520544710336682,72.70185105749823,1,Severe Congestion
169.10626327728357,11.569671175753642,0.9055136796812675,75.16455196275203,1,Severe Congestion
273.5218590423808,13.062822784383279,0.9386948559697215,89.82519123880579,1,Severe Congestion
256.692197368452,11.05559761983295,0.764766817645362,77.61012401380763,1,Severe Congestion
224.06710810379795,12.181820366097574,0.8923962674935503,94.99775442627154,1,Severe Congestion
219.627850876455,12.958695513109227,0.8377196766166258,71.2213260981142,1,Severe Congestion
250.67567086021708,12.121081842176482,0.8519546867449239,75.88547818349636,1,Severe Congestion
193.6420973347159,11.14924917474499,0.8222583488828353,67.2358632421502,1,Severe Congestion
205.08588968310863,11.28848895561552,0.9298221678449483,84.88387426814646,1,Severe Congestion
216.68600553796517,11.10825551093466,0.874553721289901,85.55225085973338,1,Severe Congestion
228.04813264075943,11.887329808177961,0.9285605700695894,82.07861479965416,1,Severe Congestion
229.97974738664553,11.41217734969302,0.7984335235044111,84.64065244210227,1,Severe Congestion
228.27816639129497,12.690416798169084,0.8989983997646848,78.56990425500292,1,Severe Congestion
189.66999446357107,12.662073922852537,0.8991901337289224,76.48075294609674,1,Severe Congestion
237.95748956763984,10.94056138254288,0.8537414479544032,98.10242408944198,1,Severe Congestion
231.8882648308946,11.570388832930773,0.8929321319339598,83.52315568611456,1,Severe Congestion
140.81053060257005,10.912231260631941,0.8777119022300823,78.49094307065643,1,Severe Congestion
216.2269846337266,13.355378775537504,0.8655308896905732,71.592676806151,1,Severe Congestion
218.18626179447836,11.608051999718636,0.8729771424630144,79.1289466035337,1,Severe Congestion
266.49431256027685,9.311154886802466,0.862524974359031,81.96369998761982,1,Severe Congestion
190.31520919447397,13.07979099855394,0.9165965955423838,81.53009455407276,1,Severe Congestion
203.1790213653389,11.865651798922023,0.8752846005858486,81.2288094032425,1,Severe Congestion
205.26242264177665,12.302939177510872,0.9138945429172539,69.89424014763,1,Severe Congestion
183.52326973932463,9.901778364619771,0.918987883016092,84.46318120499416,1,Severe Congestion
222.73274140150582,10.284602113963837,0.9603226655296062,76.00890706384968,1,Severe Congestion
214.23878633920364,13.025261592814047,0.8355859109891768,76.62416831223535,1,Severe Congestion
214.51512871994203,15.428967690557648,0.8935506134283411,97.80659372220627,1,Severe Congestion
240.38296325883726,12.441612043793423,0.8354861902766194,92.42797553045143,1,Severe Congestion
172.24761939046923,13.92105014841251,0.8890002388698215,55.92180029458595,1,Severe Congestion
201.41924640519767,12.784737385107528,0.8693339257132106,89.03565718017676,1,Severe Congestion
188.57939097365016,10.43282115265487,0.8767849568628577,82.31060616613276,1,Severe Congestion
201.2207143532295,13.472749375970631,0.8417406681187424,85.08154957615032,1,Severe Congestion
211.71284327332336,10.1319408574367,0.820643641734917,82.11720439988653,1,Severe Congestion
259.9262399669115,12.695123774278573,0.8023464328684915,51.39279743922572,1,Severe Congestion
228.47295054371037,11.884543820486162,0.9313569686279666,73.33373566019941,1,Severe Congestion
218.82535494603485,13.015408155633436,0.8598641362807083,77.80731798892631,1,Severe Congestion
